category,id,short,long,user,logo,link,publink,description,resource_type,scientific_purpose,taxonomic_coverage,realm_and_geographic_coverage,spatial_representation_and_resolution,temporal_extent_and_resolution,data_types_and_scales,data_origin_and_lineage,access,license,version_updates,strengths,limitations,recommended_use,prominence,publication,audit
Fossil occurrences and paleontological records,,GBDB,Geobiodiversity Database,core,gbdb.png,http://www.geobiodiversity.com/,,Fossil occurrence and stratigraphic-section database with particularly strong Chinese and East Asian coverage.,primary database or curated data infrastructure,"Quaternary range shifts, extinction and community change.",Mammals.,terrestrial; spatial extent: continental or regional; geography: North America.,Regional terrestrial.; Localities and assemblages.,"Pliocene to Recent in expanded versions, strongest late Quaternary.; Locality and broad time-bin level.","Taxa, sites, chronology and source references.; **records/taxa:** Not consistently reported in the baseline source; verify the current release before quoting a count.",Compiled from the origins described in the resource documentation and lineage note. Legacy data increasingly accessed through Neotoma and derivatives.,Archived web downloads and partial integration into Neotoma.; formats: Database tables and archive files.; interface: See the official resource documentation for current programmatic interfaces.,Open archival research use with citation.; registration: Not reported in the baseline catalogue.,Archived; no longer primary active platform.,Historically important regional mammal assemblages.,"Older taxonomy, coarse ages and likely duplication with Neotoma. Not reported.","Quaternary range shifts, extinction and community change.","Important historical regional resource.; evidence: high for official fields, otherwise as stated in the verification note",Graham & Lundelius. FAUNMAP documentation.,retained and standardised; verified 2026-07-14.
Fossil occurrences and paleontological records,,Mikrotax,Mikrotax,core,microtax.jpg,https://www.mikrotax.org/,,"Expert taxonomic portals for major microfossil groups, with images, synonymies, descriptions and stratigraphic ranges.",primary database or curated data infrastructure,"Biostratigraphy, section correlation, regional diversity and global fossil synthesis.",Broad fossil taxonomic coverage.,mixed or not inherently biological; spatial extent: global; geography: Global; strongest in China and adjacent regions.,"Global with East Asian emphasis.; Collections, beds and measured sections.",Mainly Phanerozoic.; Occurrence and stratigraphic level.,"Occurrences, sections, taxonomy, ages, formations and bibliography.; **records/taxa:** Not consistently reported in the baseline source; verify the current release before quoting a count.",Compiled from the origins described in the resource documentation and lineage note. Complementary to PBDB and an upstream source for some BioDeepTime series.,Web portal and exports.; formats: Tabular exports; database downloads where offered.; interface: See the official resource documentation for current programmatic interfaces.,Research use; current portal conditions should be checked.; registration: Not reported in the baseline catalogue.,"Active, but interface availability can vary.",Detailed stratigraphic architecture and underrepresented Asian records.,Less transparent bulk workflow and uneven English documentation. Not reported.,"Biostratigraphy, section correlation, regional diversity and global fossil synthesis.","Major specialist infrastructure.; evidence: high for official fields, otherwise as stated in the verification note",Geobiodiversity Database and associated data papers.,retained and standardised; verified 2026-07-14.
Fossil occurrences and paleontological records,,Neotoma,Neotoma Paleoecology Database,core,packrat-logo.svg,https://www.neotomadb.org/,,"Community-curated multiproxy palaeoecological database organised around sites, datasets, samples, chronology and observations.",primary database or curated data infrastructure,"Identification, taxonomic harmonisation and biostratigraphic range calibration.","Planktonic foraminifera, calcareous nannofossils and selected microfossils.",mixed or not inherently biological; spatial extent: global; geography: Global.,"Global reference resource.; Taxon pages and range records, not primarily georeferenced occurrences.","Mesozoic and Cenozoic, varying by module.; Taxon-level range information.","Taxonomy, images, descriptions, ranges, references and keys.; **records/taxa:** Not consistently reported in the baseline source; verify the current release before quoting a count.",Compiled from the origins described in the resource documentation and lineage note. Supplies accepted names and stratigraphic context to occurrence databases and studies.,Web portal and some downloadable tables.; formats: HTML and tabular exports.; interface: See the official resource documentation for current programmatic interfaces.,Open reference use with citation.; registration: Not reported in the baseline catalogue.,Actively maintained by specialist communities.,"High taxonomic quality, imagery and expert documentation.",Not a complete occurrence database; module coverage and download options differ. Not reported.,"Identification, taxonomic harmonisation and biostratigraphic range calibration.","Widely used specialist reference.; evidence: high for official fields, otherwise as stated in the verification note",Mikrotax project and module-specific publications.,retained and standardised; verified 2026-07-14.
Fossil occurrences and paleontological records,,NSB,Neptune Sandbox Berlin,core,neptunedb.png,https://zenodo.org/records/10063218,https://palaeo-electronica.org/content/2020/2966-the-nsb-database,Marine planktonic microfossil occurrence and deep-sea stratigraphy database built from ocean-drilling cores.,primary database or curated data infrastructure,"Quaternary palaeoecology, range shifts, vegetation history and fossil-community analysis.","Pollen, plant macrofossils, vertebrates, insects, diatoms, ostracods and other proxies.","freshwater, terrestrial; spatial extent: global; geography: Global, strongest in North America and Europe.","Global; terrestrial, freshwater and some coastal records.; Sites, cores and dated stratigraphic samples.",Primarily late Neogene and Quaternary.; Sample level; years to millennia depending on archive.,"Counts, percentages, presence, chronologies, site metadata and references.; **records/taxa:** Not consistently reported in the baseline source; verify the current release before quoting a count.","Compiled from the origins described in the resource documentation and lineage note. Hosts or succeeds several legacy pollen, plant-macrofossil and vertebrate databases; feeds BioDeepTime.","Web portal, API and R packages.; formats: JSON/API and tabular downloads.; interface: See the official resource documentation for current programmatic interfaces.","Open, with dataset-specific investigator and constituent-database citation.; registration: Not reported in the baseline catalogue.",Actively maintained.,Strong sample and chronology structure with expert curation.,Heterogeneous age models and proxy methods; uneven global coverage and revised chronologies. Not reported.,"Quaternary palaeoecology, range shifts, vegetation history and fossil-community analysis.","Foundational palaeoecology infrastructure.; evidence: high for official fields, otherwise as stated in the verification note",Williams et al. Neotoma Paleoecology Database.,retained and standardised; verified 2026-07-14.
Fossil occurrences and paleontological records,,NOW,New and Old Worlds Fossil Mammal Database,core,now.png,https://nowdatabase.org/,,"Database of Cenozoic land-mammal localities, faunal lists, taxonomy and selected ecological or morphological attributes.",primary database or curated data infrastructure,"Microfossil evolution, biostratigraphy, palaeoceanography and high-resolution deep-time time series.","Foraminifera, radiolarians, diatoms, calcareous nannofossils and related microfossils.",marine; spatial extent: global; geography: Global ocean-drilling localities.,"Global oceans.; Drilling sites, cores and samples.","Mainly Cretaceous to Recent.; Sample and stratigraphic level, often sub-million-year.","Occurrences, taxonomy, depth-age models and site metadata.; **records/taxa:** Not consistently reported in the baseline source; verify the current release before quoting a count.",Compiled from the origins described in the resource documentation and lineage note. Successor to Neptune and upstream source for BioDeepTime.,Publication-associated database access; current portal status uncertain.; formats: Database tables and exports where available.; interface: See the official resource documentation for current programmatic interfaces.,Research use; current access terms require confirmation.; registration: Not reported in the baseline catalogue.,Current live database availability uncertain.,High temporal resolution and specialist taxonomy.,Specialised scope; infrastructure has experienced outages; age models require expertise. Not reported.,"Microfossil evolution, biostratigraphy, palaeoceanography and high-resolution deep-time time series.","Major specialist database.; evidence: high for official fields, otherwise as stated in the verification note","Renaudie, Lazarus & Diver. NSB database of marine planktonic microfossils.",retained and standardised; verified 2026-07-14.
Fossil occurrences and paleontological records,,PBDB,The Paleobiology Database,core,paleobiodb.png,https://paleobiodb.org/,,"Community-curated global database of fossil occurrences, collections, taxonomy, stratigraphy, environments and references.",primary database or curated data infrastructure,"Mammal palaeobiogeography, community ecology, diet, body size and Neogene environmental change.",Terrestrial mammals.,terrestrial; spatial extent: global; geography: Old World emphasis plus North American records.,"Global Cenozoic, historically strongest in Europe, Asia and Africa.; Fossil localities and faunal lists.","Cenozoic, with strong Miocene and Pliocene representation.; Locality and taxon-occurrence level.","Localities, occurrences, ages, taxonomy and ecological attributes.; **records/taxa:** Not consistently reported in the baseline source; verify the current release before quoting a count.",Compiled from the origins described in the resource documentation and lineage note. Partly overlaps PBDB and published mammal compilations.,Web query and tabular downloads subject to terms.; formats: CSV or database tables.; interface: See the official resource documentation for current programmatic interfaces.,Research access and citation requirements.; registration: Not reported in the baseline catalogue.,Actively maintained.,Rich curated mammal ecology and locality concepts.,"Taxon-specific, geographically uneven and not always unrestricted for bulk reuse. Not reported.","Mammal palaeobiogeography, community ecology, diet, body size and Neogene environmental change.","Core specialist resource.; evidence: high for official fields, otherwise as stated in the verification note",NOW database and Fortelius-led synthesis papers.,retained and standardised; verified 2026-07-14.
Fossil occurrences and paleontological records,,PARED,PaleoReefs Database,core,paleoreefs.png,https://www.paleo-reefs.pal.uni-erlangen.de/,,"Standardised compilation of Phanerozoic reef sites with geological, palaeogeographic and biological attributes.",primary database or curated data infrastructure,"Macroevolution, diversity dynamics, palaeobiogeography, extinction and sampling-bias analyses.",All major fossil organism groups.,"marine, freshwater, terrestrial; spatial extent: global; geography: Global, with literature and collection biases.","Global; marine, terrestrial and freshwater.; Collection and occurrence localities; geological units and intervals.","Precambrian to Recent, strongest in the Phanerozoic.; Occurrence or collection event; numerical ages or intervals.","Occurrences, collections, taxonomy, ages, environments and references.; **records/taxa:** Not consistently reported in the baseline source; verify the current release before quoting a count.","Compiled from the origins described in the resource documentation and lineage note. Primary aggregator from publications and collections; reused by GBIF, BioDeepTime and many derived products.","Web portal, REST API, bulk download and R clients.; formats: CSV; JSON; API responses.; interface: See the official resource documentation for current programmatic interfaces.",Open data with record-level attribution and database citation requirements.; registration: Not reported in the baseline catalogue.,Actively maintained.,Broadest general fossil occurrence infrastructure and strong API.,"Uneven taxonomy, geography, rock record and publication effort; ages and identifications require checking. Not reported.","Macroevolution, diversity dynamics, palaeobiogeography, extinction and sampling-bias analyses.","Foundational global infrastructure.; evidence: high for official fields, otherwise as stated in the verification note",The Paleobiology Database: a public resource for palaeontological data.,retained and standardised; verified 2026-07-14.
Fossil occurrences and paleontological records,,sepkoski,R package ,core,sepkoski_r.png,https://sepkoski.palaeoverse.org/,,A data R package of Sepkoski’s fossil marine animal genera compendium,,,,,,,,,,,,,,,,,
Fossil occurrences and paleontological records,,Sepkoski Compendium,Sepkoski's Fossil Marine Animal Genera Compendium,core,sepkoski_compendium.jpg,https://strata.geology.wisc.edu/jack/,,Static genus-level compilation of first and last stratigraphic appearances for marine animal genera.,primary database or curated data infrastructure,"Reef evolution, carbonate systems, extinction selectivity and spatial-temporal reef dynamics.",Reef builders and associated communities.,"marine; spatial extent: global; geography: Global, literature-biased.",Global marine.; Reef sites and geological units.,Phanerozoic.; Reef occurrence or site; geological-stage grain varies.,"Reef age, palaeogeography, lithology, reef type and biotic composition.; **records/taxa:** Not consistently reported in the baseline source; verify the current release before quoting a count.",Compiled from the origins described in the resource documentation and lineage note. Overlaps PBDB but contains reef-specific environmental descriptors.,Web portal; bulk access may require consultation.; formats: Tabular database records.; interface: See the official resource documentation for current programmatic interfaces.,Research use with citation; verify bulk terms.; registration: Not reported in the baseline catalogue.,Long-running specialist resource.,Thousands of specialised reef-site records.,Not a species-occurrence database and bulk download is limited. Not reported.,"Reef evolution, carbonate systems, extinction selectivity and spatial-temporal reef dynamics.","Major specialist database.; evidence: high for official fields, otherwise as stated in the verification note","Kiessling and collaborators, PaleoReefs database.",retained and standardised; verified 2026-07-14.
Modern species occurrences and observations,,ALA,Atlas of Living Australia,core,ala.png,https://www.ala.org.au/,,"National infrastructure integrating Australian occurrences, collections, citizen science and spatial layers.",primary database or curated data infrastructure,Long-term marine diversity and extinction curves and reproduction of classic analyses.,"Marine animals, mainly invertebrates.",marine; spatial extent: global; geography: Global literature compilation.,Global synthesis without specimen coordinates.; Genus-level ranges.,Phanerozoic.; Geological interval first and last appearances.,"Taxonomy, classification and range endpoints.; **records/taxa:** Not consistently reported in the baseline source; verify the current release before quoting a count.","Compiled from the origins described in the resource documentation and lineage note. Many taxa also occur in PBDB, but this is a range-based synthesis.",R package and archived tables.; formats: R data and CSV-convertible tables.; interface: See the official resource documentation for current programmatic interfaces.,Open package; original compilation citation required.; registration: Not reported in the baseline catalogue.,Static historical dataset; maintained R packaging.,"Compact, complete and historically important.","Outdated taxonomy, no occurrences or sampling metadata. Not reported.",Long-term marine diversity and extinction curves and reproduction of classic analyses.,"Classic specialised dataset.; evidence: high for official fields, otherwise as stated in the verification note",Sepkoski. A compendium of fossil marine animal genera.,retained and standardised; verified 2026-07-14.
Modern species occurrences and observations,,BIEN,Botanical Information and Ecology Network,core,bien_logo_notext-1.png,https://bien.nceas.ucsb.edu/bien/,,"Versioned plant-data infrastructure integrating occurrences, vegetation plots, taxonomy and trait observations.",primary database or curated data infrastructure,"Australian data discovery, biosecurity, conservation, modelling and publication.",All Australian taxa.,mixed or not inherently biological; spatial extent: continental or regional; geography: Australia.,Australia and territories.; Occurrence points and varied spatial layers.,Historical collections to present.; Occurrence and event level.,"Occurrences, checklists, images, projects and environmental layers.; **records/taxa:** Not consistently reported in the baseline source; verify the current release before quoting a count.",Compiled from the origins described in the resource documentation and lineage note. Australian GBIF node and source of Living Atlases software; substantial GBIF overlap.,"Portal, APIs, downloads and Living Atlas tools.; formats: Darwin Core; CSV; JSON; GIS.; interface: See the official resource documentation for current programmatic interfaces.","Dataset-specific licences, often CC BY or CC0.; registration: Not reported in the baseline catalogue.",Actively maintained.,Rich national context and spatial tools.,Regional scope and duplicate records with GBIF. Not reported.,"Australian data discovery, biosecurity, conservation, modelling and publication.","Leading national infrastructure.; evidence: high for official fields, otherwise as stated in the verification note",Belbin et al. Atlas of Living Australia.,retained and standardised; verified 2026-07-14.
Modern species occurrences and observations,,eBird,eBird,core,ebird.svg,https://ebird.org/data/download,,"Global citizen-science bird observation programme based on complete checklists, effort metadata and expert review.",primary database or curated data infrastructure,"Plant macroecology, floristics, traits, SDMs and communities.","Land plants, especially vascular plants.","terrestrial; spatial extent: global; geography: Global, uneven.","Global, historically strongest in the Americas.; Occurrence points, plots and trait records.","Historical collections to present.; Record, plot and trait-measurement level.","Occurrences, plots, traits, taxonomy and validation fields.; **records/taxa:** Not consistently reported in the baseline source; verify the current release before quoting a count.","Compiled from the origins described in the resource documentation and lineage note. Harmonises herbaria, plots, citizen science and traits under a shared taxonomy.","Web queries, database extracts and R package.; formats: CSV; database tables; R outputs.; interface: See the official resource documentation for current programmatic interfaces.",Source-specific terms and attribution.; registration: Not reported in the baseline catalogue.,Actively maintained and versioned.,Auditable taxonomic and geographic validation across data classes.,"Source duplication, spatial bias and some restricted contributions. Not reported.","Plant macroecology, floristics, traits, SDMs and communities.","Major integrated plant infrastructure.; evidence: high for official fields, otherwise as stated in the verification note",Maitner et al. BIEN R package and infrastructure.,retained and standardised; verified 2026-07-14.
Modern species occurrences and observations,,GBIF,Global Biodiversity Information Facility,core,gbif.jpg,https://www.gbif.org/,,"International infrastructure aggregating specimens, observations, sampling events and checklists under biodiversity data standards.",primary database or curated data infrastructure,"Distribution, migration, phenology, abundance, occupancy and trends.",Birds.,"marine, freshwater, terrestrial; spatial extent: global; geography: Global, participation-biased.","Global terrestrial, freshwater and marine.; Checklist sites, routes and travel areas.","2002 to present, with some historical imports.; Event and checklist, often daily.","Species observations, counts, effort, protocols and media links.; **records/taxa:** Not consistently reported in the baseline source; verify the current release before quoting a count.",Compiled from the origins described in the resource documentation and lineage note. Raw data feed eBird Status and Trends and are selectively shared through GBIF.,"Download request, API and derived products.; formats: EBD tabular files; CSV; spatial products.; interface: See the official resource documentation for current programmatic interfaces.",Free research use under eBird terms; redistribution and sensitive records restricted.; registration: Not reported in the baseline catalogue.,Actively maintained.,Standardised effort metadata and immense global volume.,Observer/accessibility bias; absence inference needs checklist filtering. Not reported.,"Distribution, migration, phenology, abundance, occupancy and trends.","Foundational taxon-specific infrastructure.; evidence: high for official fields, otherwise as stated in the verification note",Sullivan et al. eBird.,retained and standardised; verified 2026-07-14.
Modern species occurrences and observations,,iNaturalist,iNaturalist,core,inaturalist.svg,https://www.inaturalist.org/observations/export,,"Crowdsourced georeferenced observations with photographs, sounds and community identifications.",primary database or curated data infrastructure,"Species-distribution modelling, inventories, range change, conservation assessment and data discovery.",All biological groups represented by contributing publishers; coverage is not taxonomically complete.,"marine, freshwater, terrestrial; spatial extent: global; geography: Global, with major taxonomic and geographic biases.","Global across terrestrial, freshwater and marine realms.; Point occurrences, events, polygons and imprecise locality records.",Historical collections to near-real-time observations.; Individual occurrence or sampling event.,"Occurrences, events, checklists, metadata, multimedia and DNA-derived records.; **records/taxa:** Not consistently reported in the baseline source; verify the current release before quoting a count.","Compiled from the origins described in the resource documentation and lineage note. Aggregator of museums, citizen science, national portals and research datasets; upstream of many derived products.","Web portal, APIs, SQL occurrence cubes, cloud snapshots and R/Python clients.; formats: Darwin Core Archive; CSV; JSON; Parquet.; interface: See the official resource documentation for current programmatic interfaces.","Dataset-specific CC0, CC BY or CC BY-NC; downloads receive citable DOIs.; registration: Not reported in the baseline catalogue.",Actively maintained and continuously updated.,"Largest interoperable occurrence infrastructure, strong provenance and APIs.","Not a designed survey; duplicates, coordinate errors and observation bias require filtering. Not reported.","Species-distribution modelling, inventories, range change, conservation assessment and data discovery.","Foundational global infrastructure.; evidence: high for official fields, otherwise as stated in the verification note",GBIF infrastructure documentation and data-use literature.,retained and standardised; verified 2026-07-14.
Modern species occurrences and observations,,IBP,India Biodiversity Portal,core,biodiversity_india.webp,https://indiabiodiversity.org/,,"Participatory Indian biodiversity portal integrating species pages, observations, maps and citizen-science groups.",primary database or curated data infrastructure,"Range expansion, phenology, invasive species and rapid inventories.",Observable taxa across kingdoms.,"mixed or not inherently biological; spatial extent: global; geography: Global, concentrated near populated accessible places.","Global.; Point locations, sometimes obscured.",2008 to present with occasional historical observations.; Individual observation.,"Observations, identifications, images, sounds and annotations.; **records/taxa:** Not consistently reported in the baseline source; verify the current release before quoting a count.",Compiled from the origins described in the resource documentation and lineage note. Research-grade observations are regularly published to GBIF.,"Web portal, API and exports.; formats: CSV; JSON; media.; interface: See the official resource documentation for current programmatic interfaces.",User-selected licences; GBIF export follows record licences.; registration: Not reported in the baseline catalogue.,Actively maintained.,Rapid image-supported mobilisation and broad taxa.,"Opportunistic effort, uneven expertise and coordinate obscuration. Not reported.","Range expansion, phenology, invasive species and rapid inventories.","Very widely used citizen science.; evidence: high for official fields, otherwise as stated in the verification note",iNaturalist platform research papers.,retained and standardised; verified 2026-07-14.
Modern species occurrences and observations,,iDigBio,Integrated Digitized Biocollections,core,idigbio_logo_0.png,https://www.idigbio.org/portal/search,,"US national infrastructure for digitised natural-history specimens, media and collection metadata.",primary database or curated data infrastructure,"Indian biodiversity documentation, citizen science and conservation.","Indian plants, animals, fungi and other taxa.",mixed or not inherently biological; spatial extent: national or regional; geography: India.,India.; Observation points and species-page distributions.,Historical knowledge and contemporary observations.; Observation level.,"Observations, images, species information, maps and documents.; **records/taxa:** Not consistently reported in the baseline source; verify the current release before quoting a count.",Compiled from the origins described in the resource documentation and lineage note. Some records may flow through partner organisations to GBIF.,Web portal and project exports where available.; formats: CSV; images; web outputs.; interface: See the official resource documentation for current programmatic interfaces.,User-contributed licences and platform terms.; registration: Not reported in the baseline catalogue.,Actively maintained.,Important South Asian portal and participatory coverage.,Bulk access and data standards less uniform than GBIF. Not reported.,"Indian biodiversity documentation, citizen science and conservation.","Major regional infrastructure.; evidence: high for official fields, otherwise as stated in the verification note",India Biodiversity Portal documentation and platform papers.,retained and standardised; verified 2026-07-14.
Modern species occurrences and observations,,NBN Atlas,National Biodiversity Network Atlas,core,nbn_atlas.png,https://nbnatlas.org/,,"United Kingdom biodiversity portal integrating occurrence records, species information, datasets and spatial layers.",aggregator or federated infrastructure,"Specimen discovery, historical distributions, phenology and collections research.",Biological and palaeontological collections.,mixed or not inherently biological; spatial extent: global; geography: Global specimens held mainly by US institutions.,"Global holdings, US institutional focus.; Specimen records and collection localities.",Historical and modern collections.; Specimen-event level.,"Specimen metadata, images, taxonomy and collection links.; **records/taxa:** Not consistently reported in the baseline source; verify the current release before quoting a count.",Compiled from the origins described in the resource documentation and lineage note. Many records are also published to GBIF; iDigBio retains a collection-centric view.,"Web portal, APIs and bulk downloads.; formats: CSV; JSON; media files.; interface: See the official resource documentation for current programmatic interfaces.",Record-level rights vary; metadata generally open.; registration: Not reported in the baseline catalogue.,Actively maintained.,Strong specimen and image focus with collection provenance.,Substantial GBIF overlap and source-dependent georeferencing. Not reported.,"Specimen discovery, historical distributions, phenology and collections research.","Major collections infrastructure.; evidence: high for official fields, otherwise as stated in the verification note",Nelson & Ellis and iDigBio infrastructure papers.,retained and standardised; verified 2026-07-14.
Modern species occurrences and observations,,OBIS,Ocean Biodiversity Information System,core,obis.jpg,https://obis.org/,,"Global marine biodiversity infrastructure with marine-specific event, depth, measurement and regional-node support.",national occurrence and species-information infrastructure,"UK distributions, recording-scheme synthesis and conservation. UK biodiversity occurrence and recording-scheme analyses.",Taxa recorded by UK biological-recording schemes and collections.,"marine, freshwater and terrestrial; spatial extent: national; geography: United Kingdom and surrounding waters","Occurrence points, datasets and maps; Record-specific",Historical records to current citizen science; Occurrence or event level,"Occurrences, species pages, images, datasets and spatial layers; **records/taxa:** The portal reported hundreds of millions of occurrence records in 2026; use current portal statistics.","National recording schemes, museums, citizen science and government data. Built with Living Atlases technology and shares some records with GBIF.","Web portal, downloads and APIs; formats: Darwin Core, CSV, JSON and GIS; interface: Living Atlases API and tools",Dataset-specific licences and sensitive-record restrictions.; registration: Account may be required for some downloads.,Active.,Rich national recording-scheme context and spatial tools.,"National scope, heterogeneous effort and potential duplication with GBIF. Do not generalise national recording intensity to global patterns.",UK biodiversity occurrence and recording-scheme analyses.,established; evidence: high,NBN Atlas documentation.,added after deep-search audit; verified 2026-07-14.
Modern species occurrences and observations,,biodiversity.aq,SCAR Antarctic Biodiversity Portal,core,biodiversityaq_logo_rgb_height-100.webp,https://www.biodiversity.aq/,,"Antarctic biodiversity portal providing occurrence, environmental and data-discovery services through the Scientific Committee on Antarctic Research.",aggregator or federated infrastructure,"Marine biogeography, SDMs, conservation planning and ocean observing.",Marine taxa from microbes to whales.,"marine; spatial extent: global; geography: Global oceans, uneven by depth, region and taxon.","Global marine.; Occurrence points, events, depth profiles and measurements.",Historical expeditions to present.; Occurrence or sampling event.,"Occurrences, events, measurements, environmental context and metadata.; **records/taxa:** Not consistently reported in the baseline source; verify the current release before quoting a count.","Compiled from the origins described in the resource documentation and lineage note. Receives regional-node data, uses WoRMS taxonomy and overlaps GBIF.","Web mapper, API, R client and bulk/cloud downloads.; formats: Darwin Core; CSV; JSON; Parquet.; interface: See the official resource documentation for current programmatic interfaces.","Dataset-specific open licences, commonly CC0 or CC BY.; registration: Not reported in the baseline catalogue.",Actively maintained.,Marine-specific depth and sampling-event semantics.,"Sampling bias, duplicates with GBIF and variable environmental metadata. Not reported.","Marine biogeography, SDMs, conservation planning and ocean observing.","Foundational marine infrastructure.; evidence: high for official fields, otherwise as stated in the verification note",OBIS infrastructure and manual publications.,retained and standardised; verified 2026-07-14.
Modern species occurrences and observations,,SiB Colombia,SiB Colombia,core,sib_colombia.png,https://sibcolombia.net/,,Colombia's national biodiversity data network and GBIF node.,regional biodiversity data portal and OBIS node,"Polar biodiversity discovery, conservation and Southern Ocean biogeography. Antarctic and Southern Ocean biodiversity modelling.",Marine and terrestrial Antarctic taxa represented by contributing datasets.,"marine, freshwater and terrestrial; spatial extent: continental or regional; geography: Antarctica and the Southern Ocean","Occurrence points, datasets and environmental layers; Record- and dataset-specific",Historical expeditions to recent observations; Occurrence or sampling event,"Occurrences, metadata, maps and linked environmental data; **records/taxa:** Dynamic; counts depend on the portal and OBIS publication status.","Research cruises, collections, monitoring and national Antarctic programmes. Regional node linked to OBIS and SCAR data systems; may overlap GBIF and BIAD records.","Portal, downloads and linked OBIS services; formats: Darwin Core, CSV and GIS products; interface: OBIS-compatible services and portal tools",Dataset-specific open licences and sensitive-data rules.; registration: No account for most public data.,Active regional infrastructure.,Essential polar focus and integrated data discovery.,"Sparse and accessibility-biased sampling; duplicate publication across global aggregators. Do not merge portal, OBIS and GBIF exports without occurrence-level deduplication.",Antarctic and Southern Ocean biodiversity modelling.,established; evidence: high,SCAR Antarctic Biodiversity Portal documentation.,added after deep-search audit; verified 2026-07-14.
Modern species occurrences and observations,,SANBI-GBIF,South African National Biodiversity Institute GBIF Node,core,SANBI logo - 300 dpi RGB.webp,https://www.sanbi-gbif.org/,,National portal and mobilisation network for South African biodiversity records.,primary database or curated data infrastructure,"National inventories, environmental assessment, conservation and indicators.",All taxa represented by Colombian publishers.,"marine, freshwater, terrestrial; spatial extent: national or regional; geography: Colombia.","Colombia terrestrial, freshwater and marine.; Occurrences and sampling events.",Historical to present.; Record and event level.,"Occurrences, checklists, events, metadata and derived products.; **records/taxa:** Not consistently reported in the baseline source; verify the current release before quoting a count.",Compiled from the origins described in the resource documentation and lineage note. National GBIF node; some marine records also in OBIS.,National portal and GBIF publication.; formats: Darwin Core; CSV; APIs.; interface: See the official resource documentation for current programmatic interfaces.,Publisher-selected open licences.; registration: Not reported in the baseline catalogue.,Actively maintained.,Strong curation and national policy relevance.,National scope and duplication with global aggregators. Not reported.,"National inventories, environmental assessment, conservation and indicators.","Leading regional infrastructure.; evidence: high for official fields, otherwise as stated in the verification note",SiB Colombia institutional data publications.,retained and standardised; verified 2026-07-14.
Modern species occurrences and observations,,speciesLink,speciesLink Network,core,specieslink.gif,https://specieslink.net/,,"Brazilian network integrating natural-history collections, observations and images.",primary database or curated data infrastructure,"African inventories, collections, conservation and national reporting.",All taxa published by South African institutions.,"marine, freshwater, terrestrial; spatial extent: continental or regional; geography: South Africa.","South Africa terrestrial, freshwater and marine.; Occurrences and sampling events.",Historical to present.; Occurrence or event level.,"Occurrences, checklists, images and metadata.; **records/taxa:** Not consistently reported in the baseline source; verify the current release before quoting a count.",Compiled from the origins described in the resource documentation and lineage note. National GBIF node; many records mirrored globally.,National portal and GBIF downloads.; formats: Darwin Core; CSV; API.; interface: See the official resource documentation for current programmatic interfaces.,Publisher-selected open licences.; registration: Not reported in the baseline catalogue.,Actively maintained.,Important African institutional network.,"National scope, institutional and taxonomic coverage uneven. Not reported.","African inventories, collections, conservation and national reporting.","Leading African regional infrastructure.; evidence: high for official fields, otherwise as stated in the verification note",SANBI-GBIF institutional documentation.,retained and standardised; verified 2026-07-14.
Modern species occurrences and observations,,VertNet,VertNet,core,VertNet_logo.svg,https://vertnet.org/,,Federated vertebrate specimen and observation records from natural-history collections.,primary database or curated data infrastructure,"Brazilian and Neotropical inventories, collection research and distributions.","Flora, fauna and microorganisms.",mixed or not inherently biological; spatial extent: national or regional; geography: Brazil plus international holdings in member collections.,Brazilian and Neotropical collections.; Specimen and occurrence points.,Historical collections to present.; Individual specimen or observation.,"Occurrences, specimens, images and collection metadata.; **records/taxa:** Not consistently reported in the baseline source; verify the current release before quoting a count.",Compiled from the origins described in the resource documentation and lineage note. Some records are exchanged with GBIF and national systems.,Web search and download.; formats: CSV and web services.; interface: See the official resource documentation for current programmatic interfaces.,Source-specific open licences and citations.; registration: Not reported in the baseline catalogue.,Actively maintained.,Strong Brazilian collection coverage and media.,Variable digitisation quality and overlap with GBIF. Not reported.,"Brazilian and Neotropical inventories, collection research and distributions.","Major regional infrastructure.; evidence: high for official fields, otherwise as stated in the verification note",speciesLink documentation and data papers.,retained and standardised; verified 2026-07-14.
Species distributions and range maps,,GABI,AntMaps / Global Ant Biodiversity Informatics,core,,https://antmaps.org/,,"Global synthesis of ant species distributions assembled from literature, databases and expert curation.",aggregator or federated infrastructure,"Vertebrate biogeography, specimen discovery and historical range reconstruction.","Fishes, amphibians, reptiles, birds and mammals.","mixed or not inherently biological; spatial extent: global; geography: Global, strongest in North American institutions.",Global collections network.; Specimen or observation points.,Historical to present.; Individual record.,"Occurrences, specimen metadata, taxonomy and collection identifiers.; **records/taxa:** Not consistently reported in the baseline source; verify the current release before quoting a count.","Compiled from the origins described in the resource documentation and lineage note. Successor to MaNIS, HerpNET, ORNIS and FishNet; strongly overlaps GBIF.","Web portal, APIs and dataset downloads.; formats: Darwin Core; CSV.; interface: See the official resource documentation for current programmatic interfaces.",Dataset-specific open licences.; registration: Not reported in the baseline catalogue.,Maintained; much content also in GBIF.,Vertebrate-focused collection metadata and history.,Redundancy with GBIF and uneven participation. Not reported.,"Vertebrate biogeography, specimen discovery and historical range reconstruction.","Widely used specialist aggregator.; evidence: high for official fields, otherwise as stated in the verification note",Constable et al. VertNet.,retained and standardised; verified 2026-07-14.
Species distributions and range maps,,AquaMaps,AquaMaps,core,aquamaps.png,https://www.aquamaps.org/,,Model-generated global aquatic species distribution maps using environmental envelopes and expert review.,primary database or curated data infrastructure,"Ant biogeography, richness, conservation and macroecology.",Ants.,terrestrial; spatial extent: global; geography: Global.,Global terrestrial.; Presence by regions; underlying locality detail varies.,Mostly contemporary taxonomic and distribution knowledge.; Species-by-region and literature-record level.,"Regional occurrences, maps, taxonomy and sources.; **records/taxa:** Not consistently reported in the baseline source; verify the current release before quoting a count.",Compiled from the origins described in the resource documentation and lineage note. Synthesises literature and databases rather than standardised surveys.,Interactive maps; data access through project or publications.; formats: Tabular matrices and web outputs.; interface: See the official resource documentation for current programmatic interfaces.,Citation and project-specific use conditions.; registration: Not reported in the baseline catalogue.,Active web portal.,Exceptional global coverage for a major insect family.,Often regional rather than point resolution; complete bulk access less direct than GBIF. Not reported.,"Ant biogeography, richness, conservation and macroecology.","Core taxon-specific synthesis.; evidence: high for official fields, otherwise as stated in the verification note",Guénard et al. Global Ant Biodiversity Informatics.,retained and standardised; verified 2026-07-14.
Species distributions and range maps,,BirdLife maps,BirdLife Species Distribution Maps,core,birdlife.webp,https://datazone.birdlife.org/dataset-information,,Expert range maps and conservation information for the world's birds using BirdLife taxonomy.,primary database or curated data infrastructure,"Marine range estimates, richness maps, climate projections and gap filling.","Fishes, marine mammals and many aquatic invertebrates.","marine, freshwater; spatial extent: global; geography: Global aquatic.",Global marine and selected freshwater.; 0.5° grid.,Current baseline and selected future scenarios.; Static baseline or scenario.,"Relative suitability, predicted range and species richness.; **records/taxa:** Not consistently reported in the baseline source; verify the current release before quoting a count.","Compiled from the origins described in the resource documentation and lineage note. Uses FishBase, SeaLifeBase, occurrence data and environmental layers.","Web portal, maps and downloads.; formats: CSV; raster; web maps.; interface: See the official resource documentation for current programmatic interfaces.",Free research use with citation; database terms apply.; registration: Not reported in the baseline catalogue.,Actively available with periodic updates.,Broad aquatic coverage where expert range polygons are absent.,Coarse envelope model and inherited source bias; predictions are not observations. Not reported.,"Marine range estimates, richness maps, climate projections and gap filling.","Major derived marine distribution product.; evidence: high for official fields, otherwise as stated in the verification note",Kaschner et al. AquaMaps.,retained and standardised; verified 2026-07-14.
Species distributions and range maps,,FEOW,Freshwater Ecoregions of the World,core,,https://www.feow.org/,,"Global freshwater ecoregion framework delineated using fish distributions and hydrographic boundaries, with associated biodiversity information.",primary database or curated data infrastructure,"Bird conservation planning, richness, climate exposure and area-of-habitat analyses.",Birds.,mixed or not inherently biological; spatial extent: global; geography: Global.,"Global.; Vector polygons with seasonality, origin and presence attributes.",Contemporary and recent historical distributions.; Checklist or assessment release.,"Range maps, Red List information, KBAs and species factsheets.; **records/taxa:** Not consistently reported in the baseline source; verify the current release before quoting a count.","Compiled from the origins described in the resource documentation and lineage note. Feeds IUCN bird assessments, Map of Life, KBA and area-of-habitat products.",Registered GIS download.; formats: Geodatabase and tables.; interface: See the official resource documentation for current programmatic interfaces.,Restricted licence; redistribution and commercial use require permission.; registration: Not reported in the baseline catalogue.,Actively maintained.,Near-complete birds with explicit seasonality.,"Polygon commission error, taxonomic-version dependence and restrictive terms. Not reported.","Bird conservation planning, richness, climate exposure and area-of-habitat analyses.","Core bird range product.; evidence: high for official fields, otherwise as stated in the verification note",BirdLife International distribution-map documentation.,retained and standardised; verified 2026-07-14.
Species distributions and range maps,,IUCN ranges,IUCN Red List Spatial Data,core,iucn.webp,https://www.iucnredlist.org/resources/spatial-data-download,,Expert-reviewed distribution polygons and assessment attributes for taxa assessed by the IUCN Red List.,expert biogeographic regionalisation and distribution product,"Freshwater biogeography, conservation planning and stratified modelling. Stratification, freshwater regionalisation and conservation-gap analysis.","Freshwater fishes and supporting information for amphibians, turtles and crocodilians.",freshwater; spatial extent: global; geography: Virtually all continental freshwater systems,Ecoregion polygons and species-associated regional data; Ecoregion scale,Contemporary biogeographic framework; Static or infrequently revised,"Ecoregion boundaries, realms, major habitat types and taxonomic summaries; **records/taxa:** 426 freshwater ecoregions in the original global framework.","Expert synthesis of fish distributions, drainage boundaries and literature. Uses hydrographic frameworks and species distribution knowledge; complements HydroBASINS and IUCN ranges.",Web maps and GIS downloads; formats: Shapefile and geodatabase; interface: Web GIS; no general occurrence API,Research use with citation; current download terms apply.; registration: No account generally required.,"Established, largely static.",Global freshwater biogeographic units developed for conservation.,"Coarse regional units, static taxonomy and not a point-occurrence or realised-occupancy dataset. Do not use ecoregion membership as a precise species range.","Stratification, freshwater regionalisation and conservation-gap analysis.",established; evidence: high,Abell et al. Freshwater Ecoregions of the World.,added after deep-search audit; verified 2026-07-14.
Species distributions and range maps,,MOL,Map of Life,core,,https://mapoflife.ai/,,"Integrated platform combining occurrences, expert ranges, checklists and environmental data into distribution and indicator products.",primary database or curated data infrastructure,"Range-size metrics, extinction-risk analysis, conservation and exposure modelling.",Best coverage for vertebrates and selected plant and invertebrate groups.,mixed or not inherently biological; spatial extent: global; geography: Global but taxonomically incomplete.,"Global.; Vector polygons with presence, origin and seasonality.",Current assessment periods; historical or extinct ranges for some taxa.; Assessment-version level.,"Ranges, assessments, habitats, threats and actions.; **records/taxa:** Not consistently reported in the baseline source; verify the current release before quoting a count.","Compiled from the origins described in the resource documentation and lineage note. Built from experts, occurrences and literature; upstream of MOL and area-of-habitat products.",Registered download under terms.; formats: Shapefile; geodatabase; tables.; interface: See the official resource documentation for current programmatic interfaces.,Non-commercial and redistribution restrictions; attribution required.; registration: Not reported in the baseline catalogue.,Actively updated through assessments.,Consistent assessment context and near-global coverage for major vertebrates.,"Coarse extent maps overestimate occupancy, assessments age and licence is restrictive. Not reported.","Range-size metrics, extinction-risk analysis, conservation and exposure modelling.","Foundational conservation range source.; evidence: high for official fields, otherwise as stated in the verification note",IUCN Red List spatial-data documentation.,retained and standardised; verified 2026-07-14.
Species distributions and range maps,,MEOW,Marine Ecoregions of the World,core,,https://www.worldwildlife.org/publications/marine-ecoregions-of-the-world-a-bioregionalization-of-coastal-and-shelf-areas,,"Global nested classification of coastal and shelf marine areas into realms, provinces and ecoregions.",primary database or curated data infrastructure,"Range mapping, conservation indicators, species-habitat models and global assessments.","Many vertebrates, plants and selected other groups.",mixed or not inherently biological; spatial extent: global; geography: Global.,"Global.; Points, polygons and gridded derived products.","Mostly contemporary, with time-series products for selected indicators.; Source event to annual or multi-year model products.","Occurrences, expert maps, modelled distributions, indicators and species lists.; **records/taxa:** Not consistently reported in the baseline source; verify the current release before quoting a count.","Compiled from the origins described in the resource documentation and lineage note. Aggregates GBIF, IUCN, BirdLife, eBird and regional data.","Web platform, downloads and selected APIs.; formats: GeoTIFF; vector; CSV; services.; interface: See the official resource documentation for current programmatic interfaces.",Product-specific terms; some source ranges are restricted.; registration: Not reported in the baseline catalogue.,Actively maintained.,Explicit multi-source integration and indicator links.,Derived maps inherit source bias; licensing differs among products. Not reported.,"Range mapping, conservation indicators, species-habitat models and global assessments.","Major integrated platform.; evidence: high for official fields, otherwise as stated in the verification note","Jetz, McPherson & Guralnick. Map of Life.",retained and standardised; verified 2026-07-14.
Biodiversity time series,,BioTIME,BioTIME 2.0,core,biotime_cent.png,https://biotime.st-andrews.ac.uk/,,Global harmonised database of consistently sampled assemblage time series with species identities and abundances.,expert coastal and shelf biogeographic regionalisation,"Marine biogeography, conservation planning and spatial stratification. Marine stratification and cross-region comparison.",Coastal and shelf biotas used to define regions; not a taxon-occurrence database.,marine; spatial extent: global; geography: Coastal and continental shelf waters worldwide,Nested vector polygons; Ecoregion scale,Contemporary biogeographic framework; Static classification,"12 realms, 62 provinces and 232 ecoregions in the original framework; **records/taxa:** 232 ecoregions, 62 provinces and 12 realms.","Expert synthesis of biogeographic patterns across taxa. Complements pelagic and deep-sea regionalisations, OBIS and Marine Regions.",GIS downloads through marine conservation repositories; formats: Shapefile and geodatabase; interface: GIS download,Research use with citation.; registration: No registration generally required.,Established static framework.,"Globally consistent, nested coastal and shelf framework.",Does not cover the open ocean or deep sea well and is not a distribution dataset for individual species. Do not treat polygon borders as sharp ecological discontinuities.,Marine stratification and cross-region comparison.,established; evidence: high,Spalding et al. Marine Ecoregions of the World.,added after deep-search audit; verified 2026-07-14.
Biodiversity time series,,COMADRE,COMADRE Animal Matrix Database,core,comadre.png,https://compadre-db.org/Data/Comadre,,Repository of animal matrix population models and associated metadata.,harmonised synthesis dataset,"Temporal biodiversity change, turnover, abundance trends and Anthropocene baselines.","Eukaryotes across terrestrial, freshwater and marine systems.","marine, freshwater, terrestrial; spatial extent: global; geography: Global with substantial regional and taxonomic imbalance.",Global.; Sampling locations from small plots to large survey units.,"1874 to 2023, 149 years or 0.000149 Ma.; At least annual in harmonised use; study grain varies; median series length is approximately 7 years.","Assemblage abundance, samples, locations, methods and study metadata.; **records/taxa:** BioTIME 2.0 reports 11,989,233 records, 1,603,067 sampling events, 553,253 locations, 708 studies and 56,400 taxa.",Compiled from the origins described in the resource documentation and lineage note. Harmonises primary studies and is an upstream source for BioDeepTime.,"Open portal, SQL release and R package.; formats: CSV; SQL; R formats.; interface: See the official resource documentation for current programmatic interfaces.",Open access; individual study licences and contributor citations remain relevant.; registration: Not reported in the baseline catalogue.,Actively maintained and expanded.,Largest global assemblage time-series synthesis across realms.,The 149-year envelope is not typical: most series are much shorter and protocols differ. Not reported.,"Temporal biodiversity change, turnover, abundance trends and Anthropocene baselines.","Foundational modern time-series synthesis.; evidence: high for official fields, otherwise as stated in the verification note",Dornelas et al. BioTIME 2.0.,retained and standardised; verified 2026-07-14.
Biodiversity time series,,COMPADRE,COMPADRE Plant Matrix Database,core,compadre.png,https://compadre-db.org/,,"Repository of plant matrix population models and associated life-history, environmental and study metadata.",primary database or curated data infrastructure,"Animal demography, life-history evolution and viability.",Animals across realms.,"mixed or not inherently biological; spatial extent: global; geography: Global, literature-driven.",Global.; Population projection matrices and study populations.,Historical and modern studies.; Study or matrix interval.,"Stage-structured matrices, vital rates, taxonomy and environment.; **records/taxa:** Not consistently reported in the baseline source; verify the current release before quoting a count.",Compiled from the origins described in the resource documentation and lineage note. Companion to COMPADRE and built from published matrices.,Query and downloadable releases.; formats: R data; CSV; matrix objects.; interface: See the official resource documentation for current programmatic interfaces.,Open or registered use with citation and terms.; registration: Not reported in the baseline catalogue.,Actively developed.,Cross-taxon standardised animal demography.,Uneven taxonomic coverage and publication dependence. Not reported.,"Animal demography, life-history evolution and viability.","Foundational demographic database.; evidence: high for official fields, otherwise as stated in the verification note",Salguero-Gómez et al. COMADRE.,retained and standardised; verified 2026-07-14.
Biodiversity time series,,GPDD,Global Population Dynamics Database,core,,https://knb.ecoinformatics.org/view/doi:10.5063/F1BZ63Z8,,Compilation of animal and plant population time series from published and unpublished studies.,primary database or curated data infrastructure,"Demography, elasticity, population viability and comparative life histories.",Plants.,"mixed or not inherently biological; spatial extent: global; geography: Global, literature-driven.",Global.; Population projection matrices and study populations.,Historical and modern demographic studies.; Study or matrix interval.,"Stage-structured matrices, vital rates, taxonomy and environment.; **records/taxa:** Not consistently reported in the baseline source; verify the current release before quoting a count.",Compiled from the origins described in the resource documentation and lineage note. Compiled from demographic literature and conceptually paired with COMADRE.,Query and downloadable releases.; formats: R data; CSV; matrix objects.; interface: See the official resource documentation for current programmatic interfaces.,Open or registered use with citation and terms.; registration: Not reported in the baseline catalogue.,Actively developed with periodic releases.,Standardised demographic models enable direct comparison.,Publication and taxonomic biases; processed matrices rather than raw observations. Not reported.,"Demography, elasticity, population viability and comparative life histories.","Foundational demographic database.; evidence: high for official fields, otherwise as stated in the verification note",Salguero-Gómez et al. COMPADRE.,retained and standardised; verified 2026-07-14.
Biodiversity time series,,ILTER,International Long Term Ecological Research Network,core,ilter.png,https://www.ilter.network/,,International federation of national and regional long-term ecological research networks and sites.,primary database or curated data infrastructure,"Population dynamics, density dependence and synchrony.",Animals and plants.,"mixed or not inherently biological; spatial extent: global; geography: Global, dominated by well-studied taxa and regions.",Global.; Population or site time series.,Mostly twentieth-century studies.; Annual or finer depending on source.,"Population counts or indices, time, location and study metadata.; **records/taxa:** Not consistently reported in the baseline source; verify the current release before quoting a count.",Compiled from the origins described in the resource documentation and lineage note. Some series overlap later population databases.,KNB/DataONE archive.; formats: CSV or text database files.; interface: See the official resource documentation for current programmatic interfaces.,Open archived dataset with citation.; registration: Not reported in the baseline catalogue.,Static archived release.,Large historical collection and broad taxa.,"Older taxonomy, heterogeneous methods and no recent updates. Not reported.","Population dynamics, density dependence and synchrony.","Classic population time-series archive.; evidence: high for official fields, otherwise as stated in the verification note",NERC Centre for Population Biology. GPDD.,retained and standardised; verified 2026-07-14.
Biodiversity time series,,LPD/LPI,Living Planet Database and Index,core,,https://www.livingplanetindex.org/,,Database of vertebrate population time series underpinning the Living Planet Index.,global monitoring-network federation,"Long-term ecosystem observation, cross-site synthesis and socio-ecological research. Locating long-term ecosystem datasets and designing cross-site syntheses.",Taxonomic and environmental scope varies by member site.,"marine, freshwater and terrestrial; spatial extent: global network; geography: Worldwide member networks and sites","Sites, networks and linked datasets; Site-specific, from sensor to annual biological sampling","Multi-decadal monitoring, with start dates varying by site; Dataset- and site-specific","Community, population, ecosystem, climate, biogeochemistry and socio-ecological data; **records/taxa:** The official network listed 39 member networks in 2026; site and dataset counts are dynamic.",National LTER networks and site-based monitoring. Umbrella network; actual data remain distributed through national infrastructures such as EDI and DEIMS-SDR.,Network portal and member data repositories; formats: Source-specific formats; interface: No single universal API; national portals differ,Member-network and dataset-specific licences.; registration: Registration varies by member portal.,Active international federation.,"Long-term, site-based and cross-ecosystem framework.","Not one harmonised database; discovery, access and protocols vary strongly. Do not describe ILTER membership metadata as a unified ecological time-series dataset.",Locating long-term ecosystem datasets and designing cross-site syntheses.,established; evidence: high,International Long Term Ecological Research Network.,added after deep-search audit; verified 2026-07-14.
Biodiversity time series,,Movebank,Movebank,core,logo-movebank.png,https://www.movebank.org/,,"Global platform for managing, sharing and archiving animal movement and bio-logging data.",primary database or curated data infrastructure,Global vertebrate population trends and conservation reporting.,Vertebrates.,"marine, freshwater, terrestrial; spatial extent: global; geography: Global, temperate and monitored-taxa biased.","Global terrestrial, freshwater and marine.; Population time series tied to sites or regions.","Primarily 1970 to present, with some earlier records.; Annual or irregular population estimates.","Population abundance or index, trends, methods and sources.; **records/taxa:** Not consistently reported in the baseline source; verify the current release before quoting a count.",Compiled from the origins described in the resource documentation and lineage note. Aggregates monitoring programmes and literature and produces weighted indicators.,Web summaries and data access by application or subset.; formats: CSV and database extracts.; interface: See the official resource documentation for current programmatic interfaces.,Controlled use with source-specific restrictions.; registration: Not reported in the baseline catalogue.,Actively maintained.,Long-running policy-relevant population database.,"Strong vertebrate, geographic and metric heterogeneity; full raw access controlled. Not reported.",Global vertebrate population trends and conservation reporting.,"Foundational population indicator.; evidence: high for official fields, otherwise as stated in the verification note",Living Planet Database and Index papers.,retained and standardised; verified 2026-07-14.
Biodiversity time series,,popler,popler,core,,https://popler.is/,,Database and R package providing population-abundance time series from the US Long Term Ecological Research network.,primary animal-tracking data infrastructure,"Migration, dispersal, home range, behavioural ecology and movement-informed connectivity. Mechanistic dispersal, migration and movement-kernel calibration.","Tracked animals across birds, mammals, fishes, reptiles and other groups.","marine, freshwater, terrestrial and aerial; spatial extent: global; geography: Worldwide tracking studies",Time-stamped tracking locations and sensor measurements; Seconds to days depending on tag and study,Historical tracking imports to near-real-time active studies; Individual sensor observation,"GPS and Argos locations, acceleration, environmental sensors, individuals and deployments; **records/taxa:** The 2022 infrastructure paper reported more than 6 billion measurements and more than 6,500 studies; current counts are larger.",Researcher-deployed tracking devices and sensors. Primary tracking platform; archived datasets can be deposited in the Movebank Data Repository and may feed GBIF-like occurrence products.,"Web portal, study request, public downloads and Movebank data repository; formats: CSV and sensor-specific files; interface: Movebank API and R packages",Study-specific access; archived public datasets have explicit licences and DOIs.; registration: Account required for many study-management and request functions.,Active and continuously expanding.,"Sensor-level temporal resolution, individual identity and deployment metadata.","Taxonomic and geographic bias, variable access and non-independence of dense tracks. Do not treat every location as an independent biodiversity occurrence.","Mechanistic dispersal, migration and movement-kernel calibration.",established; evidence: high,Kays et al. The Movebank system for studying global animal movement.,added after deep-search audit; verified 2026-07-14.
Community-composition datasets,,BDT,BioDeepTime,core,BioDeepTime-Logo-rgb.svg,https://zenodo.org/records/8154672,,Harmonised database of modern and fossil assemblage time series for comparison across ecological and geological timescales.,harmonised population time-series database,"Population dynamics, synchrony, temporal scaling and teaching. Population-level temporal analyses and benchmarking.","Plants, animals and other populations represented by LTER datasets.","marine, freshwater and terrestrial; spatial extent: national multi-site network; geography: United States LTER sites","Population time series nested in projects, sites and taxa; Observation interval varies from subannual to annual","Study-dependent, often multi-decadal; Repeated observation","Counts, density or abundance indices, dates, taxa, locations and project metadata; **records/taxa:** Dynamic package/database; record counts depend on release.",Long-term ecological monitoring datasets harmonised from LTER repositories. Derived from LTER/EDI data and retains project provenance.,R package and database downloads; formats: R objects and tabular files; interface: popler R package,Open according to source dataset licences; source citation required.; registration: No registration for public package data.,Active or periodically updated.,Long population time series with an analysis-ready R interface.,"US-centred, heterogeneous protocols and possible overlap with GPDD or LPI. Do not infer global population trends from the LTER-biased sample.",Population-level temporal analyses and benchmarking.,established; evidence: high,Paniw et al. popler.,added after deep-search audit; verified 2026-07-14.
Community-composition datasets,,BIAD,Biodiversity of Ice-free Antarctica Database,core,,https://esajournals.onlinelibrary.wiley.com/doi/10.1002/ecy.70000,,Integrated occurrence database for terrestrial and freshwater biodiversity in Antarctica's ice-free areas.,harmonised synthesis dataset,"Turnover, resilience, temporal scaling and validation of eco-evolutionary simulations.","Multiple animal, plant and microbial groups.","marine, freshwater, terrestrial; spatial extent: global; geography: Global, concentrated where repeated samples exist.","Global across marine, freshwater and terrestrial realms.; Sampling sites and assemblage-series units; grain varies by source.",Approximately 451 Ma to 2022 in the initial release.; At least ten time steps per series; grain ranges from years to geological intervals.,"Taxon-by-sample records, abundance or occurrence, time and provenance.; **records/taxa:** 7,437,847 taxon records; 10,062 assemblage time series; 985,306 samples; 28,776 taxon entries; 8,752 unique sampling locations.","Compiled from the origins described in the resource documentation and lineage note. Harmonises Neotoma, PBDB, GBDB, NSB/Neptune, BioTIME and publication datasets.",Zenodo and GitHub downloads.; formats: CSV; SQLite; Parquet; R data.; interface: See the official resource documentation for current programmatic interfaces.,Open release; upstream source licences and citations remain relevant.; registration: Not reported in the baseline catalogue.,Versioned static releases; project active.,Designed explicitly for cross-timescale comparison and preserves source provenance.,Not independent primary data; avoid duplication with upstream sources and retain archive-specific uncertainty. Not reported.,"Turnover, resilience, temporal scaling and validation of eco-evolutionary simulations.","Major harmonised synthesis.; evidence: high for official fields, otherwise as stated in the verification note",Smith et al. BioDeepTime: a database of biodiversity time series for modern and fossil assemblages.,retained and standardised; verified 2026-07-14.
Community-composition datasets,,ForestGEO,Forest Global Earth Observatory,core,,https://forestgeo.si.edu/,,Network of standardised large permanent forest plots repeatedly censusing mapped trees.,primary database or curated data infrastructure,"Polar biogeography, conservation, invasion and climate-change baselines.","Microbes, plants, fungi and animals.","freshwater, terrestrial; spatial extent: continental or regional; geography: Ice-free Antarctica.",Regional Antarctic terrestrial and freshwater.; Georeferenced sites and records.,Historical expeditions to contemporary surveys.; Occurrence level.,"Occurrences, taxonomy, locations, sources and context.; **records/taxa:** Not consistently reported in the baseline source; verify the current release before quoting a count.","Compiled from the origins described in the resource documentation and lineage note. Synthesises literature, collections and monitoring; may overlap GBIF/Antarctic portals.",Publication repository and release.; formats: CSV and GIS.; interface: See the official resource documentation for current programmatic interfaces.,Open repository licence with citation.; registration: Not reported in the baseline catalogue.,Static 2025 publication-associated release.,Critical coverage of an underrepresented region and broad taxonomy.,Regional and accessibility-biased. Not reported.,"Polar biogeography, conservation, invasion and climate-change baselines.","Important regional publication dataset.; evidence: high for official fields, otherwise as stated in the verification note",Biodiversity of Ice-free Antarctica Database data paper.,retained and standardised; verified 2026-07-14.
Community-composition datasets,,GLAD,Global Ants Database,core,,https://globalants.org/,,Collaborative database of ant assemblage abundance and trait data from field studies.,primary database or curated data infrastructure,"Forest demography, coexistence, biomass, recruitment and mortality.",Woody plants and associated taxa in selected projects.,terrestrial; spatial extent: global; geography: More than 70 plots worldwide.,"Global tropical and temperate forest network.; Large permanent plots, commonly 10–50 ha.",Multi-decadal repeated censuses.; Individual tree and census interval.,"Stem maps, species, diameter, recruitment, mortality and environment.; **records/taxa:** Not consistently reported in the baseline source; verify the current release before quoting a count.",Compiled from the origins described in the resource documentation and lineage note. Standard census protocols and local expert taxonomy.,Data request through plot investigators and selected open releases.; formats: CSV and relational tables.; interface: See the official resource documentation for current programmatic interfaces.,Generally controlled access with collaboration and authorship expectations.; registration: Not reported in the baseline catalogue.,Actively maintained.,Exceptional individual-level temporal consistency.,"Limited site number, forest-only scope and controlled access. Not reported.","Forest demography, coexistence, biomass, recruitment and mortality.","Core global forest monitoring network.; evidence: high for official fields, otherwise as stated in the verification note",ForestGEO network data and methods papers.,retained and standardised; verified 2026-07-14.
Community-composition datasets,,NEON,National Ecological Observatory Network,core,,https://data.neonscience.org/,,"Standardised continental observatory combining organisms, biogeochemistry, remote sensing and environmental measurements.",primary database or curated data infrastructure,"Ant community ecology, abundance, functional diversity and global-change response.",Ants.,"terrestrial; spatial extent: global; geography: Global, contributor-dependent.",Global terrestrial study network.; Local assemblages and sampling units.,Modern ecological studies.; Sample or study level.,"Abundance, composition, traits and study metadata.; **records/taxa:** Not consistently reported in the baseline source; verify the current release before quoting a count.",Compiled from the origins described in the resource documentation and lineage note. Distinct from AntMaps: GLAD emphasises local abundance and traits rather than regional ranges.,Project portal and collaboration-based access.; formats: Tabular exports.; interface: See the official resource documentation for current programmatic interfaces.,Data-use agreement and contributor citation.; registration: Not reported in the baseline catalogue.,Active collaborative database.,Rare global invertebrate abundance and community information.,Controlled access and heterogeneous coverage. Not reported.,"Ant community ecology, abundance, functional diversity and global-change response.","Major emerging taxon-specific database.; evidence: high for official fields, otherwise as stated in the verification note",Global Ants Database project publications.,retained and standardised; verified 2026-07-14.
Community-composition datasets,,PREDICTS,PREDICTS,core,,https://www.nhm.ac.uk/our-science/our-work/biodiversity/predicts.html,,Global compilation of local biodiversity samples across land-use and human-pressure gradients.,primary database or curated data infrastructure,"Ecological forecasting, biodiversity monitoring and data assimilation.","Plants, microbes, insects, birds, mammals and aquatic organisms.",mixed or not inherently biological; spatial extent: national or regional; geography: US ecological domains.,"United States including Alaska, Hawaii and Puerto Rico.; Fixed sites, plots, reaches and airborne pixels.","2013 onward, planned multi-decadal.; Sub-hourly sensors to annual biological sampling.","Occurrences, counts, traits, sequences, fluxes, chemistry, imagery and meteorology.; **records/taxa:** Not consistently reported in the baseline source; verify the current release before quoting a count.",Compiled from the origins described in the resource documentation and lineage note. Integrated protocols and persistent infrastructure; sequence and occurrence data can link outward.,"Open portal, API and R/Python tools.; formats: CSV; HDF5; GeoTIFF; shapefile and others.; interface: See the official resource documentation for current programmatic interfaces.",Open under NEON data policies and citation requirements.; registration: Not reported in the baseline catalogue.,Actively maintained.,Cross-domain standardisation from sensors to organisms.,Regional rather than global and product structure is complex. Not reported.,"Ecological forecasting, biodiversity monitoring and data assimilation.","Leading continental observatory.; evidence: high for official fields, otherwise as stated in the verification note",NEON design and data portal publications.,retained and standardised; verified 2026-07-14.
Community-composition datasets,,RLS,Reef Life Survey,core,,https://reeflifesurvey.com/,,Standardised diver-based surveys of reef fishes and mobile invertebrates.,harmonised synthesis dataset,"Biodiversity intactness, land-use response and global scenario assessment.",Broad terrestrial taxonomic coverage.,"terrestrial; spatial extent: global; geography: Global, biased toward accessible regions and taxa.",Global terrestrial.; Local ecological sites nested within studies.,"Predominantly recent decades.; Study-site and sampling-event level, usually spatial contrasts rather than long time series.","Abundance, occurrence, richness, land use, intensity and study metadata.; **records/taxa:** Not consistently reported in the baseline source; verify the current release before quoting a count.",Compiled from the origins described in the resource documentation and lineage note. Feeds Biodiversity Intactness Index and global biodiversity models.,"Application, collaboration and selected published releases.; formats: CSV and database extracts.; interface: See the official resource documentation for current programmatic interfaces.",Data-use agreement and contributor citation requirements.; registration: Not reported in the baseline catalogue.,Actively used and periodically expanded.,Designed for within-study pressure-response inference.,Not a representative monitoring network; strong study and taxonomic bias. Not reported.,"Biodiversity intactness, land-use response and global scenario assessment.","Foundational pressure-response database.; evidence: high for official fields, otherwise as stated in the verification note",Hudson et al. PREDICTS database.,retained and standardised; verified 2026-07-14.
Community-composition datasets,,sPlotOpen,sPlotOpen,core,,https://www.idiv.de/research/projects/splot/splotopen-splot/,,Environmentally balanced open subset of global vegetation plots with community composition and trait summaries.,primary database or curated data infrastructure,"Reef biodiversity change, protected areas, climate impacts and indicators.",Reef fishes and conspicuous mobile invertebrates.,"marine; spatial extent: global; geography: Global, strongest in Australia and trained-network regions.",Global coastal reefs.; Standardised transects and sites.,Approximately 2006 to present.; Survey or annual revisit.,"Abundance, body size, habitat and site metadata.; **records/taxa:** Not consistently reported in the baseline source; verify the current release before quoting a count.",Compiled from the origins described in the resource documentation and lineage note. Contributes to BioTIME and marine syntheses.,Portal and collaboration; selected releases open.; formats: CSV and database extracts.; interface: See the official resource documentation for current programmatic interfaces.,Data-use and collaboration conditions.; registration: Not reported in the baseline catalogue.,Actively maintained.,High comparability and abundance data across regions.,Diver-accessible reefs and conspicuous taxa only; full access may require collaboration. Not reported.,"Reef biodiversity change, protected areas, climate impacts and indicators.","Core reef monitoring programme.; evidence: high for official fields, otherwise as stated in the verification note",Edgar & Stuart-Smith. Reef Life Survey.,retained and standardised; verified 2026-07-14.
"Taxonomies, nomenclatural resources, and species checklists",,AlgaeBase,AlgaeBase,core,algaebase-logo-214.png,https://www.algaebase.org/,,"Global taxonomic, nomenclatural, distributional and bibliographic database for algae across marine, freshwater and terrestrial environments.",harmonised synthesis dataset,"Plant community diversity, vegetation classification, macroecology and remote-sensing validation.",Vascular plants.,terrestrial; spatial extent: global; geography: Global environmentally balanced sample.,Global terrestrial.; Vegetation plots of heterogeneous size.,Mostly twentieth and early twenty-first century.; Plot survey; some repeats exist.,"Species cover or abundance, coordinates, environment and TRY-derived community traits.; **records/taxa:** Not consistently reported in the baseline source; verify the current release before quoting a count.",Compiled from the origins described in the resource documentation and lineage note. Derived from sPlot and linked to TRY traits and environmental data.,Open download through iDiv and archive.; formats: CSV; R data.; interface: See the official resource documentation for current programmatic interfaces.,Open subset; cite original databases and TRY where used.; registration: Not reported in the baseline catalogue.,Static open release from an active consortium.,Largest open global vegetation-plot dataset with explicit sampling balance.,Not full sPlot; plot methods and sizes vary; coordinates may be rounded. Not reported.,"Plant community diversity, vegetation classification, macroecology and remote-sensing validation.","Major plant community dataset.; evidence: high for official fields, otherwise as stated in the verification note",Sabatini et al. sPlotOpen.,retained and standardised; verified 2026-07-14.
"Taxonomies, nomenclatural resources, and species checklists",,ASW,Amphibian Species of the World,core,,https://amphibiansoftheworld.amnh.org/,,"Expert global taxonomic reference for amphibians with nomenclature, distributions and literature.",curated taxonomic and distribution database,"Algal taxonomy, regional checklists and broad distribution research. Algal taxonomy and broad geographic presence.",Algae and related photosynthetic protists represented by the database.,"marine, freshwater and terrestrial; spatial extent: global; geography: Worldwide",Taxon records with regional distribution statements; Taxon and regional level,Historical literature to current knowledge; Continuously updated,"Accepted names, synonyms, classification, regional distributions, images and literature; **records/taxa:** Dynamic; use current portal statistics.","Expert curation and taxonomic literature. Feeds taxonomic backbones and complements WoRMS, Catalogue of Life and sequence databases.",Web portal and search/download services; formats: Web and tabular outputs; interface: Web interface,Public research use with citation; detailed reuse terms apply.; registration: No account for routine lookup.,Active.,Cross-realm algal scope and strong bibliographic depth.,Regional distributions are coarser than occurrences; taxonomy and circumscription evolve. Do not treat regional presence as point occurrence or abundance.,Algal taxonomy and broad geographic presence.,established; evidence: high,Guiry & Guiry. AlgaeBase.,added after deep-search audit; verified 2026-07-14.
"Taxonomies, nomenclatural resources, and species checklists",,AviList,AviList: The Global Avian Checklist,core,,https://www.avilist.org/,,Consensus global bird taxonomy created by harmonising previously competing world checklists and documenting nomenclatural decisions.,primary or curated specialist database,Amphibian name reconciliation and checklist construction.,Amphibians.,"mixed or non-spatial, depending on source; spatial extent: global; geography: Global.",Global.; Species and higher taxa with broad distribution statements.,Current taxonomy and nomenclatural history.; Online edition.,"Accepted names, synonyms, distributions and references.; **records/taxa:** Not consistently reported in the baseline source; verify the current release before quoting a count.","Compiled from the origins described in the resource documentation and lineage note. Used by AmphibiaWeb, IUCN, phylogenies and trait datasets.",Web portal.; formats: HTML.; interface: See the official resource documentation for current programmatic interfaces.,Free use with required citation.; registration: Not reported in the baseline catalogue.,Actively maintained.,Authoritative nomenclature and extensive literature.,Limited bulk tooling and no fine-scale occurrences. Not reported.,Amphibian name reconciliation and checklist construction.,"Core taxon-specific taxonomy.; evidence: high for official fields, otherwise as stated in the verification note",Frost. Amphibian Species of the World.,retained and standardised; verified 2026-07-14.
"Taxonomies, nomenclatural resources, and species checklists",,COL,Catalogue of Life,core,col.jpg,https://www.catalogueoflife.org/,,Global taxonomic checklist integrating expert-maintained Global Species Databases into versioned releases.,curated global taxonomic checklist,"Bird-name reconciliation, comparative analyses, range and trait integration. Current bird taxonomy and harmonisation across range, trait and phylogeny products.",All recognised extant bird species and subspecies in the current release.,"aerial, terrestrial, freshwater and marine; spatial extent: global; geography: Worldwide",Taxon and nomenclatural records; Species and subspecies level,"Current taxonomic knowledge; first public release in 2025; Versioned checklist, intended for regular updates","Accepted names, synonyms, English names, hierarchy and nomenclatural metadata; **records/taxa:** Version 2025 recognised 11,131 species and 19,879 subspecies; current portal should be checked for the newest release.","Expert synthesis of IOC, eBird/Clements, BirdLife and other avian authorities. Designed to replace inconsistent parallel global bird taxonomies; downstream matching is needed for eBird, BirdLife, AVONET and older phylogenies.",Direct spreadsheet/download portal; formats: Spreadsheet and tabular formats; interface: Public web portal; community R clients exist,Free public download; cite the exact version.; registration: No account normally required.,"Active, versioned; version 2025 was the inaugural release and the portal flags superseded versions.","Single consensus taxonomy, explicit nomenclatural components and global scope.","Taxonomic changes can invalidate joins to older datasets; use the exact release and retain crosswalks. Do not silently remap historical datasets without documenting splits, lumps and unmatched taxa.","Current bird taxonomy and harmonisation across range, trait and phylogeny products.",core; evidence: high,AviList Core Team. AviList: a unified global bird checklist.,added after deep-search audit; verified 2026-07-14.
"Taxonomies, nomenclatural resources, and species checklists",,FishBase,FishBase,core,fishbase.png,https://www.fishbase.se/,,"Global species database integrating taxonomy, distribution, ecology, life history, morphology and fisheries information for finfishes.",primary or curated specialist database,"Name reconciliation, accepted-name lookup and checklist construction.",All kingdoms.,"mixed or non-spatial, depending on source; spatial extent: global; geography: Global.",Global non-spatial taxonomy.; Taxon and nomenclatural record.,Extant and selected extinct taxa.; Monthly or annual release.,"Accepted names, synonyms, classification, identifiers and source databases.; **records/taxa:** Not consistently reported in the baseline source; verify the current release before quoting a count.",Compiled from the origins described in the resource documentation and lineage note. Aggregates specialist taxonomic databases and supports GBIF and other platforms.,"Web portal, API, ChecklistBank and archives.; formats: ColDP; Darwin Core Archive; tables.; interface: See the official resource documentation for current programmatic interfaces.",CC BY or source-specific terms; attribution required.; registration: Not reported in the baseline catalogue.,Actively maintained and versioned.,"Broad scope, source lineage and versioning.",Completeness and taxonomic opinion vary among clades. Not reported.,"Name reconciliation, accepted-name lookup and checklist construction.","Foundational global taxonomy.; evidence: high for official fields, otherwise as stated in the verification note",Hobern et al. Catalogue of Life.,retained and standardised; verified 2026-07-14.
"Taxonomies, nomenclatural resources, and species checklists",,GBIF Backbone,GBIF Backbone Taxonomy,core,,https://www.gbif.org/dataset/d7dddbf4-2cf0-4f39-9b2a-bb099caae36c,,Operational taxonomic backbone used to index and interpret GBIF-mediated names.,primary or curated specialist database,"Fish traits, trophic ecology, range analysis and fisheries.",Finfishes.,"marine, freshwater; spatial extent: global; geography: Global.","Global marine and freshwater.; Species attributes, country lists and population records.",Current knowledge with historical literature.; Species or population table.,"Taxonomy, traits, distributions, diets, growth, habitats and images.; **records/taxa:** Not consistently reported in the baseline source; verify the current release before quoting a count.",Compiled from the origins described in the resource documentation and lineage note. Feeds AquaMaps and integrates many primary sources.,"Web portal, table downloads and R interfaces.; formats: Relational extracts; CSV; web services.; interface: See the official resource documentation for current programmatic interfaces.",Many products CC BY-NC; media rights vary.; registration: Not reported in the baseline catalogue.,Actively maintained.,"Unusually broad traits, ecology and distributions for a whole vertebrate class.","Species-level compilation, modelled values and non-commercial licensing. Not reported.","Fish traits, trophic ecology, range analysis and fisheries.","Foundational taxon-specific database.; evidence: high for official fields, otherwise as stated in the verification note",Froese & Pauly. FishBase.,retained and standardised; verified 2026-07-14.
"Taxonomies, nomenclatural resources, and species checklists",,Index Fungorum,Index Fungorum,core,,https://www.indexfungorum.org/,,"Global index of scientific names of fungi, including names of fossil forms, with nomenclatural and bibliographic information.",primary or curated specialist database,Occurrence matching and harmonisation across heterogeneous publishers.,All taxa encountered in GBIF.,"mixed or non-spatial, depending on source; spatial extent: global; geography: Global.",Global non-spatial taxonomy.; Taxon concept and name usage.,Current release.; Versioned build.,"Accepted names, synonyms, classification and identifiers.; **records/taxa:** Not consistently reported in the baseline source; verify the current release before quoting a count.","Compiled from the origins described in the resource documentation and lineage note. Derived from COL, specialist checklists and GBIF processing.",GBIF species API and backbone download.; formats: Darwin Core Archive; CSV; JSON.; interface: See the official resource documentation for current programmatic interfaces.,CC BY; source attributions apply.; registration: Not reported in the baseline catalogue.,Actively rebuilt.,Direct compatibility with GBIF occurrence APIs.,Operational rather than universally authoritative; versions can change matches. Not reported.,Occurrence matching and harmonisation across heterogeneous publishers.,"Foundational for GBIF workflows.; evidence: high for official fields, otherwise as stated in the verification note",GBIF Backbone Taxonomy dataset.,retained and standardised; verified 2026-07-14.
"Taxonomies, nomenclatural resources, and species checklists",,MDD,Mammal Diversity Database,core,,https://www.mammaldiversity.org/,,Versioned taxonomy and distribution checklist for living and recently extinct mammals.,global nomenclatural index,"Fungal synonymy, historical name tracing and nomenclatural checking. Resolving fungal names and tracing publication history.",Fungi and fungus-like organisms represented in nomenclatural literature.,mixed or non-spatial; spatial extent: global; geography: Worldwide,Taxon-name records; Name level,Historical nomenclature to present; Continuously expanding name index,"Names, author citations, publication details and identifiers; **records/taxa:** The official portal reported more than 620,000 nomenclatural records in 2026.",Taxonomic literature and nomenclatural acts. Closely related to Species Fungorum; overlaps MycoBank in fungal names but has a different history and role.,Web search and downloadable services where provided; formats: Web records and tabular services; interface: Web interface,Public lookup; respect database citation and provider terms.; registration: No account required for lookup.,Active.,"Very broad nomenclatural coverage, including fossil fungi.","A nomenclatural index, not a consensus accepted-species checklist or occurrence source. Do not use record counts as species counts.",Resolving fungal names and tracing publication history.,established; evidence: high,Index Fungorum.,added after deep-search audit; verified 2026-07-14.
"Taxonomies, nomenclatural resources, and species checklists",,MycoBank,MycoBank,core,,https://www.mycobank.org/,,"Authoritative registration and nomenclatural database for fungi, including names, descriptions and linked literature.",primary or curated specialist database,"Mammal taxonomy, macroecology and conservation harmonisation.",Mammals.,"mixed or non-spatial, depending on source; spatial extent: global; geography: Global.",Global; taxon-level regions and countries.; Species and higher-taxon record.,Extant and recently extinct mammals.; Versioned release.,"Names, synonyms, authority, type locality and distribution summaries.; **records/taxa:** Not consistently reported in the baseline source; verify the current release before quoting a count.",Compiled from the origins described in the resource documentation and lineage note. Successor to MSW3 for current workflows and linked to VertLife and conservation products.,Web search and Zenodo downloads.; formats: CSV; spreadsheet.; interface: See the official resource documentation for current programmatic interfaces.,Open with citation; release terms apply.; registration: Not reported in the baseline catalogue.,Actively maintained; versioned.,Transparent versioning and near-complete mammal scope.,No fine occurrences and taxonomic changes complicate cross-version analyses. Not reported.,"Mammal taxonomy, macroecology and conservation harmonisation.","Core taxon-specific taxonomy.; evidence: high for official fields, otherwise as stated in the verification note",Burgin et al. and Mammal Diversity Database releases.,retained and standardised; verified 2026-07-14.
"Taxonomies, nomenclatural resources, and species checklists",,NCBI Taxonomy,NCBI Taxonomy,core,,https://www.ncbi.nlm.nih.gov/taxonomy,,"Curated classification linking organisms to NCBI sequences, assemblies and samples.",curated nomenclatural database,"Fungal name validation, registration and nomenclatural reconciliation. Fungal nomenclature, name validation and links between publications and registered names.","Fungi, including fossil and extant names where registered.",mixed or non-spatial; spatial extent: global; geography: Worldwide,Taxon and nomenclatural records; Name or typification record,Historical nomenclature to current registrations; Continuously updated registration records,"Names, types, descriptions, identifiers and literature; **records/taxa:** Dynamic database; record and taxon counts should be retrieved from the current portal rather than frozen.","Taxonomic publications and formal name registrations. Complementary to Index Fungorum, Species Fungorum, UNITE and fungal sequence databases.",Web search and registration portal; formats: Web records and exports where supported; interface: Web interface; programmatic access is limited or project-specific,"Public lookup; reuse terms should be checked.; registration: Registration required for submitting names, not for routine lookup.",Active and continuously updated.,Formal registration role and persistent fungal name identifiers.,Not an occurrence or trait database; accepted-name opinions can differ among fungal authorities. Do not treat a registered name as evidence of accepted taxonomic status or geographic occurrence.,"Fungal nomenclature, name validation and links between publications and registered names.",established; evidence: high,MycoBank database and associated nomenclatural publications.,added after deep-search audit; verified 2026-07-14.
"Taxonomies, nomenclatural resources, and species checklists",,POWO,Plants of the World Online,core,,https://powo.science.kew.org/,,"Kew-curated portal integrating accepted plant names, synonymy, distributions, descriptions and uses.",primary or curated specialist database,"Genomic retrieval, annotation and bioinformatics name reconciliation.",Organisms represented in NCBI molecular databases.,"mixed or non-spatial, depending on source; spatial extent: global; geography: Global.",Global non-spatial taxonomy.; Taxon identifier.,Current nomenclature with legacy names.; Continuously updated.,"Names, identifiers, ranks, synonyms and lineages.; **records/taxa:** Not consistently reported in the baseline source; verify the current release before quoting a count.","Compiled from the origins described in the resource documentation and lineage note. Backbone for GenBank, SRA, RefSeq and BioSample.","Browser, Entrez API and taxonomy dumps.; formats: Flat files; XML; JSON; API.; interface: See the official resource documentation for current programmatic interfaces.",Public-domain US government data.; registration: Not reported in the baseline catalogue.,Actively maintained.,Stable identifiers and direct molecular integration.,Sequence-driven coverage and classifications can differ from biodiversity checklists. Not reported.,"Genomic retrieval, annotation and bioinformatics name reconciliation.","Foundational molecular taxonomy.; evidence: high for official fields, otherwise as stated in the verification note",Schoch et al. NCBI Taxonomy update.,retained and standardised; verified 2026-07-14.
"Taxonomies, nomenclatural resources, and species checklists",,Species Fungorum,Species Fungorum,core,,https://www.speciesfungorum.org/,,"Global working list of accepted fungal species names and synonymy, linked to Index Fungorum.",primary or curated specialist database,"Plant taxonomy, native-range lookup and floristics.",Vascular plants and selected other plant groups.,"mixed or non-spatial, depending on source; spatial extent: global; geography: Global.",Global.; Taxon-level distributions by botanical regions.,Current taxonomy and accumulated literature.; Taxon record.,"Taxonomy, distributions, descriptions, uses and references.; **records/taxa:** Not consistently reported in the baseline source; verify the current release before quoting a count.","Compiled from the origins described in the resource documentation and lineage note. Builds on IPNI, Kew checklists and collections.",Web portal and linked Kew datasets.; formats: Web records and selected tables.; interface: See the official resource documentation for current programmatic interfaces.,Use subject to Kew terms.; registration: Not reported in the baseline catalogue.,Actively maintained.,Authoritative distributions and taxonomic notes.,Bulk programmatic access less open than COL; regional distributions are coarse. Not reported.,"Plant taxonomy, native-range lookup and floristics.","Very widely used plant reference.; evidence: high for official fields, otherwise as stated in the verification note",POWO and World Checklist of Vascular Plants documentation.,retained and standardised; verified 2026-07-14.
"Taxonomies, nomenclatural resources, and species checklists",,RDB,The Reptile Database,core,,https://reptile-database.reptarium.cz/,,"Comprehensive taxonomy of living reptiles with synonymy, literature and broad distributions.",curated accepted-name checklist,Accepted-name selection and fungal checklist harmonisation. Fungal accepted-name matching and checklist assembly.,Fungi.,mixed or non-spatial; spatial extent: global; geography: Worldwide,Accepted taxon records and synonymy; Species and infraspecific level,Current taxonomic knowledge; Continuously curated or periodically released,"Accepted names, synonyms, classification and sources; **records/taxa:** Dynamic; current counts should be taken from the portal.",Expert taxonomic synthesis using Index Fungorum and specialist contributions. Uses Index Fungorum nomenclature and complements MycoBank and Catalogue of Life.,Web portal and query tools; formats: Web and tabular records where available; interface: Web interface,Public lookup with citation.; registration: No account required for lookup.,"Active, with coverage varying among fungal groups.",Accepted-name focus distinguishes it from a purely nomenclatural index.,Completeness and recency vary among lineages; not an occurrence database. Do not assume uniform expert revision across all fungal groups.,Fungal accepted-name matching and checklist assembly.,established; evidence: high,Species Fungorum.,added after deep-search audit; verified 2026-07-14.
"Taxonomies, nomenclatural resources, and species checklists",,WFO,World Flora Online,core,,https://www.worldfloraonline.org/,,Global consensus plant checklist and taxonomic backbone.,primary or curated specialist database,Reptile checklist reconciliation and macroecology.,Living reptiles.,"mixed or non-spatial, depending on source; spatial extent: global; geography: Global.",Global.; Species and subspecies; broad geographic summaries.,Current taxonomy.; Continuously updated.,"Taxonomy, synonyms, types, references, distributions and images.; **records/taxa:** Not consistently reported in the baseline source; verify the current release before quoting a count.","Compiled from the origins described in the resource documentation and lineage note. Used by IUCN, trait datasets and phylogenetic studies.",Web portal and derived downloads.; formats: HTML and tables where available.; interface: See the official resource documentation for current programmatic interfaces.,Free research use with citation; bulk terms should be checked.; registration: Not reported in the baseline catalogue.,Actively maintained.,Near-complete reptile taxonomy and literature links.,No fossils or consistent point occurrences; bulk access less simple than COL. Not reported.,Reptile checklist reconciliation and macroecology.,"Core taxon-specific taxonomy.; evidence: high for official fields, otherwise as stated in the verification note",Uetz and collaborators. The Reptile Database.,retained and standardised; verified 2026-07-14.
"Taxonomies, nomenclatural resources, and species checklists",,WoRMS,World Register of Marine Species,core,,https://www.marinespecies.org/,,"Expert-edited global register of marine names, synonyms and classifications.",primary or curated specialist database,"Plant name matching, flora compilation and diversity assessment.",Plants.,"mixed or non-spatial, depending on source; spatial extent: global; geography: Global.",Global non-spatial taxonomy.; Taxon and nomenclatural record.,Extant taxonomy with historical names.; Continuously updated.,"Accepted names, synonyms, classification and descriptions.; **records/taxa:** Not consistently reported in the baseline source; verify the current release before quoting a count.",Compiled from the origins described in the resource documentation and lineage note. Built from specialist plant databases and floras.,"Portal, matching services and downloads.; formats: Darwin Core and tables.; interface: See the official resource documentation for current programmatic interfaces.",Open with attribution; provider terms may apply.; registration: Not reported in the baseline catalogue.,Actively maintained.,Global plant focus and consensus governance.,Completeness and synonym resolution vary by lineage. Not reported.,"Plant name matching, flora compilation and diversity assessment.","Core plant taxonomy.; evidence: high for official fields, otherwise as stated in the verification note",World Flora Online Consortium documentation.,retained and standardised; verified 2026-07-14.
Phylogenies,,MorphoBank,MorphoBank,core,morphobank.png,https://www.morphobank.org/,,"Repository and collaborative platform for morphological character matrices, specimen images and phylogenetic projects.",primary or curated specialist database,Marine name standardisation and linkage across ocean databases.,Marine and some brackish taxa.,marine; spatial extent: global; geography: Global marine.,Global marine taxonomy.; Taxon record.,Current and historical nomenclature.; Continuously updated.,"Accepted names, synonyms, classification, distributions and references.; **records/taxa:** Not consistently reported in the baseline source; verify the current release before quoting a count.",Compiled from the origins described in the resource documentation and lineage note. Official taxonomic backbone for OBIS and many marine products.,"Portal, taxon matching, REST API and downloads.; formats: CSV; JSON/XML API.; interface: See the official resource documentation for current programmatic interfaces.",Open with citation; thematic registers may add conditions.; registration: Not reported in the baseline catalogue.,Actively maintained.,Expert curation and stable Aphia identifiers.,Update speed and completeness differ among editorial groups. Not reported.,Marine name standardisation and linkage across ocean databases.,"Foundational marine taxonomy.; evidence: high for official fields, otherwise as stated in the verification note",Horton et al. WoRMS recommendations and documentation.,retained and standardised; verified 2026-07-14.
Phylogenies,,OpenTree,Open Tree of Life,core,,https://tree.opentreeoflife.org/,,Synthetic tree combining published phylogenies with a comprehensive taxonomic backbone and source mappings.,primary or curated specialist database,"Total-evidence phylogenetics, fossil morphology and matrix reuse.","Broad, especially animals and fossils.","mixed or non-spatial, depending on source; spatial extent: global; geography: Global.","Global non-spatial.; Specimen, character, matrix and project level.",Extant and fossil taxa.; Publication-associated project release.,"Matrices, images, specimens, trees and metadata.; **records/taxa:** Not consistently reported in the baseline source; verify the current release before quoting a count.",Compiled from the origins described in the resource documentation and lineage note. Complements GenBank and TreeBASE with morphology and specimens.,Web portal and project downloads.; formats: Nexus; TNT; images; tables.; interface: See the official resource documentation for current programmatic interfaces.,Project-specific; published projects generally open.; registration: Not reported in the baseline catalogue.,Actively maintained.,Rich specimen-level morphology and fossil integration.,Study-specific coding is difficult to harmonise; projects may remain private before publication. Not reported.,"Total-evidence phylogenetics, fossil morphology and matrix reuse.","Core morphological repository.; evidence: high for official fields, otherwise as stated in the verification note",O'Leary & Kaufman. MorphoBank.,retained and standardised; verified 2026-07-14.
Phylogenies,,PhylomeDB,PhylomeDB,core,,http://phylomedb.org/,,"Repository of complete collections of gene phylogenies, alignments and orthology/paralogy predictions for sequenced genomes.",primary or curated specialist database,"Phylogenetic diversity, subtree extraction and broad comparative analyses.",All life where taxonomy or trees exist.,"mixed or non-spatial, depending on source; spatial extent: global; geography: Global.",Global non-spatial.; Species and higher-taxon nodes.,Extant and some extinct taxa in source trees.; Versioned synthetic release.,"Synthetic topology, source mappings, taxonomy and identifiers.; **records/taxa:** Not consistently reported in the baseline source; verify the current release before quoting a count.",Compiled from the origins described in the resource documentation and lineage note. Synthesises published trees and Open Tree Taxonomy.,"Web browser, API, downloads and R/Python clients.; formats: Newick; JSON; taxonomy dumps.; interface: See the official resource documentation for current programmatic interfaces.",Open with source-tree attribution.; registration: Not reported in the baseline catalogue.,Actively maintained.,Broadest interoperable tree with data lineage.,Mostly undated; unresolved and taxonomy-imposed relationships are common. Not reported.,"Phylogenetic diversity, subtree extraction and broad comparative analyses.","Foundational phylogeny infrastructure.; evidence: high for official fields, otherwise as stated in the verification note",Hinchliff et al. Open Tree of Life synthesis.,retained and standardised; verified 2026-07-14.
Phylogenies,,TreeBASE,TreeBASE,core,,https://www.treebase.org/,,"Repository for published phylogenetic trees, character matrices and study metadata.",comparative-genomics phylogeny database,"Gene-family evolution, orthology inference and comparative genomics. Gene-family evolution and orthology-aware comparative genomics.",Organisms represented by included genome phylomes.,mixed or non-spatial; spatial extent: global; geography: Genome projects rather than geographic coverage,"Gene trees, alignments and genome collections; Gene-family level",Current and historical genome releases; Versioned phylomes,"Gene trees, alignments, orthology and paralogy relationships; **records/taxa:** Dynamic; phylome and tree counts change with releases.",Public genome sequences processed with standardised phylogenomic pipelines. Uses public genome assemblies and provides derived gene-level trees rather than species trees.,"Web portal and downloads; formats: Newick, FASTA, tables and web records; interface: Web services and downloadable phylomes",Open research use with citation.; registration: No account for public access.,Active.,"Genome-wide, internally consistent gene phylogenies and orthology calls.",Taxonomic coverage is limited to included genomes and gene trees should not be confused with species phylogenies. Do not use a single gene tree as a species tree without reconciliation.,Gene-family evolution and orthology-aware comparative genomics.,established; evidence: high,Fuentes et al. PhylomeDB.,added after deep-search audit; verified 2026-07-14.
Time-calibrated phylogenies,,BirdTree,BirdTree,core,,https://birdtree.org/,,Portal distributing global posterior samples of time-calibrated avian phylogenies.,primary or curated specialist database,"Reuse, benchmarking, meta-analysis and reproducible phylogenetics.",All deposited taxa.,"mixed or non-spatial, depending on source; spatial extent: global; geography: Global.","Global non-spatial.; Study, tree and matrix level.",Historical and contemporary publications.; Publication-associated deposit.,"Trees, alignments, matrices, metadata and citations.; **records/taxa:** Not consistently reported in the baseline source; verify the current release before quoting a count.","Compiled from the origins described in the resource documentation and lineage note. Linked to journals, Dryad and OpenTree; contains primary study deposits.","Portal, API and R package.; formats: Newick; Nexus; NeXML; XML.; interface: See the official resource documentation for current programmatic interfaces.",Public repository; study licences and citations apply.; registration: Not reported in the baseline catalogue.,Maintained.,Study provenance and underlying matrices.,"Sparse relative to literature, inconsistent metadata and many undated trees. Not reported.","Reuse, benchmarking, meta-analysis and reproducible phylogenetics.","Core phylogenetic repository.; evidence: high for official fields, otherwise as stated in the verification note",TreeBASE and R interface publications.,retained and standardised; verified 2026-07-14.
Time-calibrated phylogenies,,FToL,Fish Tree of Life,core,,https://fishtreeoflife.org/,,Online phylogenetic framework and taxonomic resources for fishes.,primary or curated specialist database,"Bird comparative analyses, diversification and phylogenetic diversity.",Birds.,"mixed or non-spatial, depending on source; spatial extent: global; geography: Global.",Global non-spatial.; Species tips and posterior trees.,Extant birds.; Posterior sample.,Dated phylogenetic trees and taxonomic mapping.; **records/taxa:** Not consistently reported in the baseline source; verify the current release before quoting a count.,"Compiled from the origins described in the resource documentation and lineage note. Part of VertLife; taxonomy differs from BirdLife, IOC and AVONET.",Web subset extraction and downloads.; formats: Newick.; interface: See the official resource documentation for current programmatic interfaces.,Free academic use with citation.; registration: Not reported in the baseline catalogue.,Maintained around a published framework.,Large posterior sample and near-complete species coverage.,Imputed placements dominate poorly sampled species; taxonomy matching is essential. Not reported.,"Bird comparative analyses, diversification and phylogenetic diversity.","Very widely used bird tree.; evidence: high for official fields, otherwise as stated in the verification note",Jetz et al. Global diversity of birds in space and time.,retained and standardised; verified 2026-07-14.
Time-calibrated phylogenies,,FCD,Fossil Calibration Database,core,,http://fossilcalibrations.org/,,Peer-reviewed records of vetted fossil calibrations tied to phylogenetic nodes and explicit age constraints.,primary or curated specialist database,"Fish comparative biology, classification and tree extraction.",Fishes.,"mixed or non-spatial, depending on source; spatial extent: global; geography: Global.",Global non-spatial.; Species and higher-taxon tree.,Extant fishes with fossil-calibrated dates in published analyses.; Tree release.,"Topology, taxonomy, alignments and divergence times depending on release.; **records/taxa:** Not consistently reported in the baseline source; verify the current release before quoting a count.",Compiled from the origins described in the resource documentation and lineage note. Linked to FishBase and molecular archives.,Portal and publication supplements.; formats: Newick; Nexus; alignments.; interface: See the official resource documentation for current programmatic interfaces.,Open research use with citation.; registration: Not reported in the baseline catalogue.,Active specialist resource.,Large fish scope and specialist curation.,Coverage and dating vary; may not provide posterior distributions. Not reported.,"Fish comparative biology, classification and tree extraction.","Major taxon-specific phylogeny.; evidence: high for official fields, otherwise as stated in the verification note",Rabosky et al. and Fish Tree of Life resources.,retained and standardised; verified 2026-07-14.
Time-calibrated phylogenies,,GBOTB.extended,GBOTB.extended / V.PhyloMaker2,core,,https://github.com/jinyizju/V.PhyloMaker2,,Large vascular-plant megatree and software for attaching missing species using taxonomic rules.,primary or curated specialist database,Molecular-clock calibration and divergence-time estimation.,Selected fossils across major clades.,"mixed or non-spatial, depending on source; spatial extent: global; geography: Global, publication-driven.",Global.; Individual specimens and calibration nodes.,Across the history of life.; Individual calibration record.,"Fossil identity, phylogenetic justification, age bounds, locality and references.; **records/taxa:** Not consistently reported in the baseline source; verify the current release before quoting a count.",Compiled from the origins described in the resource documentation and lineage note. Complements PBDB and molecular tree repositories; records are node calibrations rather than occurrence samples.,Web portal and linked calibration articles.; formats: Web records and supplements.; interface: See the official resource documentation for current programmatic interfaces.,Open access; cite each calibration article.; registration: Not reported in the baseline catalogue.,Maintenance status unclear.,High evidential standards and explicit justification.,Selective by design; portal maintenance and bulk access uncertain. Not reported.,Molecular-clock calibration and divergence-time estimation.,"Specialised but influential.; evidence: high for official fields, otherwise as stated in the verification note",Ksepka et al. The Fossil Calibration Database.,retained and standardised; verified 2026-07-14.
Time-calibrated phylogenies,,TimeTree,TimeTree,core,,https://timetree.org/,,Knowledge base synthesising published molecular divergence-time estimates into a time-scaled tree.,primary or curated specialist database,Plant community phylogenetics and phylogenetic diversity.,"Vascular plants, especially seed plants.","mixed or non-spatial, depending on source; spatial extent: global; geography: Global.",Global non-spatial.; Species-tip megatree.,Extant plants with dated deeper nodes.; Static backbone plus insertion scenarios.,Dated topology and taxonomic mapping.; **records/taxa:** Not consistently reported in the baseline source; verify the current release before quoting a count.,Compiled from the origins described in the resource documentation and lineage note. Extends published plant backbones and GenBank-derived trees using taxonomy.,R package and tree download.; formats: Newick; R objects.; interface: See the official resource documentation for current programmatic interfaces.,Open-source with citation.; registration: Not reported in the baseline catalogue.,Actively maintained software.,Very broad coverage and reproducible scenarios.,Inserted taxa lack molecular placements and uncertainty is often understated. Not reported.,Plant community phylogenetics and phylogenetic diversity.,"Widely used plant tree product.; evidence: high for official fields, otherwise as stated in the verification note",Jin & Qian. V.PhyloMaker2.,retained and standardised; verified 2026-07-14.
Time-calibrated phylogenies,,VertLife,VertLife phylogeny portals,core,,https://vertlife.org/data/,,Posterior distributions of dated trees and subtree tools for major vertebrate clades.,primary or curated specialist database,Divergence-time lookup and dated broad comparative analyses.,Broad tree-of-life coverage.,"mixed or non-spatial, depending on source; spatial extent: global; geography: Global.",Global non-spatial.; Species pairs and clade nodes.,Evolutionary history of life.; Synthesised node-age estimate.,"Dated topology, divergence estimates and source studies.; **records/taxa:** Not consistently reported in the baseline source; verify the current release before quoting a count.",Compiled from the origins described in the resource documentation and lineage note. Synthesises thousands of published timetrees rather than raw alignments.,"Web portal, API and downloads.; formats: Newick; tables; web outputs.; interface: See the official resource documentation for current programmatic interfaces.",Free academic use with citation.; registration: Not reported in the baseline catalogue.,Actively maintained.,Convenient dated framework and literature traceability.,Heterogeneous methods and incomplete taxa; not a posterior sample. Not reported.,Divergence-time lookup and dated broad comparative analyses.,"Very widely used dated-tree resource.; evidence: high for official fields, otherwise as stated in the verification note",Kumar et al. TimeTree 5.,retained and standardised; verified 2026-07-14.
Genetic sequences,,BOLD,Barcode of Life Data System,core,,https://www.boldsystems.org/,,"Platform integrating DNA barcode sequences, specimen images, taxonomy and collection locality data.",primary or curated specialist database,"Comparative biology, diversification, phylogenetic diversity and uncertainty propagation.","Birds, mammals, amphibians, squamates, sharks and selected vertebrates.","mixed or non-spatial, depending on source; spatial extent: global; geography: Global.",Global non-spatial.; Species-tip posterior trees.,Extant vertebrates with fossil-calibrated molecular dates.; Posterior-tree sample.,Dated trees and taxonomic mappings.; **records/taxa:** Not consistently reported in the baseline source; verify the current release before quoting a count.,"Compiled from the origins described in the resource documentation and lineage note. Built from molecular data, taxonomy and calibrations; BirdTree is a component product.",Web subsetters and downloads.; formats: Newick and metadata.; interface: See the official resource documentation for current programmatic interfaces.,Research use with citation; some portals require registration.; registration: Not reported in the baseline catalogue.,Active with clade-specific updates.,Posterior samples allow uncertainty propagation.,Pipelines and taxonomies differ across clades. Not reported.,"Comparative biology, diversification, phylogenetic diversity and uncertainty propagation.","Core vertebrate phylogeny family.; evidence: high for official fields, otherwise as stated in the verification note",Jetz and collaborators' clade-specific phylogenies.,retained and standardised; verified 2026-07-14.
Genetic sequences,,ENA,European Nucleotide Archive,core,,https://www.ebi.ac.uk/ena/browser/home,,"European archive for nucleotide sequences, raw reads, assemblies and sample metadata within INSDC.",primary or curated specialist database,"Species identification, barcoding, cryptic diversity and metabarcoding references.","Primarily animals, expanding across eukaryotes.","mixed or non-spatial, depending on source; spatial extent: global; geography: Global.",Global.; Specimen and barcode sequence.,Modern and historical museum samples.; Individual specimen and sequence.,"Barcode sequences, specimens, images, taxonomy, BINs and localities.; **records/taxa:** Not consistently reported in the baseline source; verify the current release before quoting a count.",Compiled from the origins described in the resource documentation and lineage note. Sequences may be deposited in GenBank; taxonomy linked to external sources.,"Web portal, API and project packages.; formats: FASTA; TSV; images.; interface: See the official resource documentation for current programmatic interfaces.",Mixed public/private records and licences.; registration: Not reported in the baseline catalogue.,Actively maintained.,"Unique integration of vouchers, images, sequences and clustering.",Private data and variable metadata; BIN clusters are not equivalent to species. Not reported.,"Species identification, barcoding, cryptic diversity and metabarcoding references.","Foundational barcoding infrastructure.; evidence: high for official fields, otherwise as stated in the verification note",Ratnasingham & Hebert. BOLD systems.,retained and standardised; verified 2026-07-14.
Genetic sequences,,GenBank,GenBank,core,,https://www.ncbi.nlm.nih.gov/genbank/,,Annotated public nucleotide sequence archive and US member of the International Nucleotide Sequence Database Collaboration.,primary or curated specialist database,"Sequence retrieval, phylogenomics and environmental genomics.",All organisms and environmental samples.,"mixed or non-spatial, depending on source; spatial extent: global; geography: Global.","Global.; Study, sample, run, assembly and sequence accessions.",Modern and ancient DNA.; Submission to individual read.,"Raw reads, assemblies, annotations and metadata.; **records/taxa:** Not consistently reported in the baseline source; verify the current release before quoting a count.",Compiled from the origins described in the resource documentation and lineage note. INSDC partner with GenBank and DDBJ; connected to BioSamples and MGnify.,"Portal, API, FTP and cloud access.; formats: FASTQ; FASTA; CRAM; BAM; XML; JSON.; interface: See the official resource documentation for current programmatic interfaces.",Open except controlled human data.; registration: Not reported in the baseline catalogue.,Actively maintained.,Powerful programmatic access and study/run structure.,Submitter-dependent metadata and intentional duplication with INSDC partners. Not reported.,"Sequence retrieval, phylogenomics and environmental genomics.","Foundational molecular infrastructure.; evidence: high for official fields, otherwise as stated in the verification note",European Nucleotide Archive database papers.,retained and standardised; verified 2026-07-14.
Genetic sequences,,MGnify,MGnify,core,,https://www.ebi.ac.uk/metagenomics/,,EMBL-EBI platform that analyses microbiome sequence datasets and provides standardised taxonomic and functional outputs.,primary or curated specialist database,"Phylogenetics, barcoding, comparative genomics and reference construction.",All sequenced organisms and environmental samples.,"mixed or non-spatial, depending on source; spatial extent: global; geography: Global.",Global; optional sample coordinates.; Sequence accession and BioSample.,"Modern, environmental and ancient DNA.; Submission and sequence level.","Nucleotide sequences, annotations, assemblies and sample links.; **records/taxa:** Not consistently reported in the baseline source; verify the current release before quoting a count.",Compiled from the origins described in the resource documentation and lineage note. Exchanges with ENA and DDBJ; uses NCBI Taxonomy and links BioSample/SRA/RefSeq.,"NCBI web, Entrez API, FTP and command-line tools.; formats: FASTA; GenBank; XML; JSON.; interface: See the official resource documentation for current programmatic interfaces.",Public domain; controlled access applies to linked sensitive human data.; registration: Not reported in the baseline catalogue.,Actively updated daily.,Comprehensive archive with stable accessions.,"Metadata quality, voucher links and identifications vary. Not reported.","Phylogenetics, barcoding, comparative genomics and reference construction.","Foundational global molecular infrastructure.; evidence: high for official fields, otherwise as stated in the verification note",Sayers et al. GenBank.,retained and standardised; verified 2026-07-14.
Genetic sequences,,MIDORI2,MIDORI2,core,,https://www.reference-midori.info/,,"Curated reference sequences for 15 eukaryotic mitochondrial genes, designed for taxonomic assignment of metabarcoding data.",metagenomic analysis infrastructure and derived sequence resource,"Metagenomics, microbiome comparison, functional annotation and reuse of public studies. Reuse of public microbiome studies with standardised analyses.",Microbial communities and environmental sequence data across biomes.,"marine, freshwater, terrestrial and host-associated; spatial extent: global; geography: Worldwide submitted studies","Study, sample, assembly, protein and analysis records; Run, sample and study level",Modern sequence studies; continuously expanding; Submission and pipeline-release level,"Reads, assemblies, taxonomic profiles, proteins and functional annotations; **records/taxa:** Dynamic; by 2024 the associated protein catalogue contained billions of sequences.",ENA studies processed through standardised MGnify pipelines. Uses ENA raw data and produces standardised derived profiles and protein catalogues.,"Web portal, REST API and downloads; formats: FASTQ links, FASTA, TSV, JSON and analysis files; interface: REST API and command-line-compatible downloads",Public data with source-study and MGnify citation; linked ENA terms apply.; registration: No registration for public data.,Active and continuously updated.,"Standardised pipelines, broad biome coverage and direct sequence provenance.",Pipeline versions affect comparability; sequencing effort and extraction protocols are heterogeneous. Do not equate read proportions with absolute organism abundance.,Reuse of public microbiome studies with standardised analyses.,established; evidence: high,Richardson et al. MGnify: the microbiome sequence data analysis resource.,added after deep-search audit; verified 2026-07-14.
Genetic sequences,,PR2,Protist Ribosomal Reference database,core,,https://pr2-database.org/,,Curated 18S rRNA reference database focused on protists and other microbial eukaryotes.,curated mitochondrial sequence reference dataset,"Mitochondrial metabarcoding, eDNA classification and reference-library construction. Metabarcoding reference assignment across eukaryotes.",Eukaryotes represented in GenBank mitochondrial records.,mixed or non-spatial; spatial extent: global; geography: Worldwide sequence submissions,Sequence records with curated taxonomy; Sequence level,Versioned snapshot of public sequence archives; Periodic releases,Mitochondrial marker sequences and taxonomic annotations; **records/taxa:** Release-specific and marker-specific; use the current release metadata.,"GenBank records filtered, curated and formatted for reference assignment. Derived from GenBank and complements BOLD for mitochondrial reference assignment.",Repository download; formats: FASTA and taxonomy files; interface: Command-line compatible; no dedicated API required,Open repository terms with citation.; registration: No account required.,Active versioned dataset.,Multiple mitochondrial loci and analysis-ready taxonomy.,Inherits public-sequence misidentification and sampling bias; absence from the reference library is common. Do not interpret reference-library coverage as real biodiversity or occurrence.,Metabarcoding reference assignment across eukaryotes.,established; evidence: high,Leray et al. MIDORI2.,added after deep-search audit; verified 2026-07-14.
Genetic sequences,,SRA,Sequence Read Archive,core,,https://www.ncbi.nlm.nih.gov/sra,,"Archive of raw high-throughput sequencing reads linked to studies, experiments and samples.",curated sequence reference database,"Protist metabarcoding, environmental DNA classification and microbial-eukaryote phylogeny. Protist metabarcoding and environmental sequence classification.",Protists and other eukaryotic taxa represented in 18S rRNA data.,"marine, freshwater and terrestrial; spatial extent: global; geography: Worldwide sequence submissions",Sequence records and taxonomic hierarchy; Sequence level,Modern and environmental sequences; versioned releases; Periodic releases,"18S rRNA sequences, taxonomy and metadata; **records/taxa:** Recent versions contain roughly a quarter-million curated sequences; use release-specific counts.",INSDC sequence records subjected to expert curation. Derived from public sequence archives; complements SILVA but provides deeper protist curation.,"Direct download, web portal and R tooling; formats: FASTA, taxonomy tables and R data; interface: pr2database R package and web resources",Open under release-specific terms; citation required.; registration: No account normally required.,Active and versioned.,Specialist microbial-eukaryote taxonomy and analysis-ready releases.,"18S marker limitations, uneven sampling and taxonomic uncertainty in uncultured clades. Do not combine releases without tracking taxonomy changes.",Protist metabarcoding and environmental sequence classification.,established; evidence: high,Guillou et al. The Protist Ribosomal Reference database.,added after deep-search audit; verified 2026-07-14.
Genetic sequences,,SILVA,SILVA ribosomal RNA database,core,,https://www.arb-silva.de/,,"Quality-checked, aligned small- and large-subunit ribosomal RNA sequence reference datasets across cellular life.",primary or curated specialist database,"Population genomics, metabarcoding, metagenomics and reanalysis.",All sequenced taxa and environmental communities.,"mixed or non-spatial, depending on source; spatial extent: global; geography: Global.",Global.; Read runs and BioSamples.,Modern and ancient samples.; Raw-read run and experiment.,"Raw reads, library strategy and sample metadata.; **records/taxa:** Not consistently reported in the baseline source; verify the current release before quoting a count.","Compiled from the origins described in the resource documentation and lineage note. Replicated across INSDC and linked to BioProject, BioSample and assemblies.","NCBI, ENA or DDBJ portals, APIs and cloud mirrors.; formats: FASTQ; BAM; CRAM; SRA.; interface: See the official resource documentation for current programmatic interfaces.",Public except controlled human sequences.; registration: Not reported in the baseline catalogue.,Actively maintained.,Largest raw sequencing archive and essential for reproducibility.,"Huge files, inconsistent metadata and high computational demands. Not reported.","Population genomics, metabarcoding, metagenomics and reanalysis.","Foundational read archive.; evidence: high for official fields, otherwise as stated in the verification note",SRA database documentation.,retained and standardised; verified 2026-07-14.
Genetic sequences,,UNITE,UNITE,core,,https://unite.ut.ee/,,Curated fungal ITS reference database organised into species hypotheses with persistent identifiers.,curated sequence reference database,"Microbial taxonomy, phylogenetic placement, amplicon analysis and reference-tree construction. Reference assignment and phylogenetic placement of rRNA amplicons.","Bacteria, Archaea and Eukaryota represented by SSU and LSU rRNA sequences.",mixed or non-spatial; spatial extent: global; geography: Worldwide sequence submissions,Sequence records and alignments; Sequence and taxon level,Modern and environmental sequence archives; versioned releases; Static releases updated periodically,"Aligned rRNA sequences, taxonomy, reference trees and quality metadata; **records/taxa:** Release-specific; counts change substantially between releases.",Curated sequence submissions from INSDC archives. Derived from INSDC sequences with alignment and taxonomic curation; upstream of many microbiome pipelines.,"Direct downloads and web tools; formats: FASTA, ARB, alignment and taxonomy files; interface: Web tools and downloadable releases",Free academic use under SILVA terms; redistribution conditions apply.; registration: No account generally needed for downloads.,"Active, versioned.",Cross-domain reference alignments and curated taxonomy.,"Marker-specific, sequence-submission bias and release-dependent taxonomy. Do not interpret sequence frequency as organism abundance or geographic prevalence.",Reference assignment and phylogenetic placement of rRNA amplicons.,established; evidence: high,Quast et al. The SILVA ribosomal RNA gene database project.,added after deep-search audit; verified 2026-07-14.
Population-genetic and phylogeographic data,,DToL,Darwin Tree of Life,core,,https://www.darwintreeoflife.org/,,Programme producing high-quality reference genomes for eukaryotic species of Britain and Ireland.,primary or curated specialist database,"Fungal metabarcoding, eDNA identification and taxonomy.",Fungi and fungal environmental sequences.,"mixed or non-spatial, depending on source; spatial extent: global; geography: Global.",Global.; Sequence and species-hypothesis cluster.,Modern samples and accumulated archives.; Versioned sequence release.,"ITS sequences, annotations, species hypotheses and reference sets.; **records/taxa:** Not consistently reported in the baseline source; verify the current release before quoting a count.",Compiled from the origins described in the resource documentation and lineage note. Draws from INSDC and expert curation; used in metabarcoding pipelines.,"Portal, API and releases.; formats: FASTA and taxonomy files.; interface: See the official resource documentation for current programmatic interfaces.",Open under release-specific terms; citation required.; registration: Not reported in the baseline catalogue.,Actively maintained.,Leading curated fungal barcode reference.,Species hypotheses depend on thresholds and geographic sampling is uneven. Not reported.,"Fungal metabarcoding, eDNA identification and taxonomy.","Foundational fungal reference.; evidence: high for official fields, otherwise as stated in the verification note",Nilsson et al. UNITE database.,retained and standardised; verified 2026-07-14.
Population-genetic and phylogeographic data,,EBP,Earth BioGenome Project,core,,https://www.earthbiogenome.org/,,Global network coordinating reference-genome sequencing across eukaryotic biodiversity.,primary or curated specialist database,"Reference genomics, taxonomy and regional conservation.",Eukaryotes in Britain and Ireland.,"terrestrial; spatial extent: national or regional; geography: Britain, Ireland and associated waters.","Regional.; Species, specimen and assembly.",Contemporary sampling.; Genome release.,"Genomes, reads, specimens and annotations.; **records/taxa:** Not consistently reported in the baseline source; verify the current release before quoting a count.",Compiled from the origins described in the resource documentation and lineage note. EBP affiliate; sequences and samples linked to ENA and BioSamples.,"Project portal, Sanger portals and ENA.; formats: FASTA; FASTQ; GFF.; interface: See the official resource documentation for current programmatic interfaces.",Open sequence data with legal and sample-use frameworks.; registration: Not reported in the baseline catalogue.,Actively maintained.,Regional completeness target and high assembly standards.,Geographically restricted and still incomplete. Not reported.,"Reference genomics, taxonomy and regional conservation.","Leading regional genome initiative.; evidence: high for official fields, otherwise as stated in the verification note",Darwin Tree of Life Consortium.,retained and standardised; verified 2026-07-14.
Population-genetic and phylogeographic data,,EVA,European Variation Archive,core,,https://www.ebi.ac.uk/eva/,,"Open repository for genetic variation data across non-human species, linked to assemblies, samples and studies.",primary or curated specialist database,"Comparative genomics, evolution and conservation genomics.",Eukaryotes.,"mixed or non-spatial, depending on source; spatial extent: global; geography: Global through affiliates.",Global programme.; Species and genome-project level.,Contemporary specimens and future all-eukaryote goal.; Project and genome release.,"Standards, project metadata, assemblies and progress.; **records/taxa:** Not consistently reported in the baseline source; verify the current release before quoting a count.",Compiled from the origins described in the resource documentation and lineage note. Umbrella for regional and taxonomic genome projects including DToL and VGP.,Network portal; sequence data in INSDC and project repositories.; formats: FASTA; GFF; FASTQ through partners.; interface: See the official resource documentation for current programmatic interfaces.,Open aspirations subject to national access-and-benefit-sharing and project terms.; registration: Not reported in the baseline catalogue.,Active international programme.,Global coordination and common quality standards.,Not a single database; access and progress depend on affiliates. Not reported.,"Comparative genomics, evolution and conservation genomics.","Flagship global genomics initiative.; evidence: high for official fields, otherwise as stated in the verification note",Lewin et al. Earth BioGenome Project.,retained and standardised; verified 2026-07-14.
Population-genetic and phylogeographic data,,GenDivRange,GenDivRange,core,,https://gendivrange.org/,,Global georeferenced compilation linking within-population genetic diversity estimates to species ranges.,primary genetic-variation archive,"Population genomics, variant reuse and comparative genetics. Retrieving published variants and genotypes for particular species or assemblies.",All non-human species represented by submitted variant datasets.,mixed or non-spatial; spatial extent: global; geography: Worldwide submitted studies,"Variant records linked to reference assemblies and samples; Variant, sample and study level",Modern and historical sequence projects; continuously expanding; Submission/release level,"SNPs, indels, structural variants, genotypes and metadata; **records/taxa:** Dynamic; counts are assembly- and release-dependent.","Submitted research datasets and imported variant archives. Links to ENA, BioSamples and reference assemblies; complements raw-read archives.","Web portal, API and downloads; formats: VCF and associated metadata; interface: REST services and FTP",Open public data; source-study citation required.; registration: No account for public download.,Active.,Species-general variant archive with stable accessions.,Submission metadata and reference-build compatibility vary; not a harmonised population-genetic synthesis. Do not merge variants across assemblies without liftover and quality review.,Retrieving published variants and genotypes for particular species or assemblies.,established; evidence: high,Cezard et al. European Variation Archive.,added after deep-search audit; verified 2026-07-14.
Population-genetic and phylogeographic data,,GEOME,Genomic Observatories Metadatabase,core,,https://geome-db.org/,,Repository for georeferenced biological sample metadata linked to sequence accessions.,harmonised publication-associated population-genetic dataset,"Macroecology of genetic diversity, conservation prioritisation and spatial scaling. Broad-scale relationships between genetic diversity, range and environment.",More than one thousand terrestrial and marine species represented in microsatellite studies.,"marine and terrestrial; spatial extent: global; geography: Worldwide, literature-dependent",Georeferenced populations and species-range summaries; Population point; range-level summaries,Published studies up to the compilation date; Population-study level,"Allelic richness, heterozygosity, sample size, coordinates and range attributes; **records/taxa:** Initial release: 1,109 species and 19,173 populations.",Systematic extraction from published microsatellite studies. Literature synthesis; may overlap raw studies in sequence/variant repositories but provides harmonised diversity estimates.,Repository download and project portal; formats: CSV and spatial/tabular data; interface: No dedicated general API reported,Open repository terms; original-study citation remains important.; registration: No registration normally required.,"Static published release, with project updates possible.",Global georeferencing and direct range-context integration.,"Strong marker, taxonomic and geographic biases; microsatellite metrics are not directly equivalent to genomic diversity. Do not compare marker types or diversity metrics without explicit standardisation.","Broad-scale relationships between genetic diversity, range and environment.",widely used; evidence: high,Miraldo et al. GenDivRange.,added after deep-search audit; verified 2026-07-14.
Population-genetic and phylogeographic data,,GGBN,Global Genome Biodiversity Network,core,,https://www.ggbn.org/,,"Federated portal exposing genomic DNA, tissue, environmental samples and voucher links in biodiversity biobanks.",primary or curated specialist database,"Landscape genetics, phylogeography and ecological genomics.","Broad taxa, strong marine participation.","marine; spatial extent: global; geography: Global, project-dependent.",Global.; Sample locality and project.,Modern sampling campaigns.; Individual sample.,"Coordinates, taxonomy, permits, sample metadata and sequence links.; **records/taxa:** Not consistently reported in the baseline source; verify the current release before quoting a count.",Compiled from the origins described in the resource documentation and lineage note. Links to NCBI/ENA and can publish occurrence metadata.,"Portal, API and project downloads.; formats: CSV; JSON; Darwin Core-compatible fields.; interface: See the official resource documentation for current programmatic interfaces.",Project-specific licences; sensitive locations may be restricted.; registration: Not reported in the baseline catalogue.,Actively maintained.,Strong spatial and permit-aware metadata.,Smaller and project-driven; sequence files remain external. Not reported.,"Landscape genetics, phylogeography and ecological genomics.","Important emerging infrastructure.; evidence: high for official fields, otherwise as stated in the verification note",Deck et al. GEOME.,retained and standardised; verified 2026-07-14.
Population-genetic and phylogeographic data,,VGP,Vertebrate Genomes Project,core,,https://vertebrategenomesproject.org/,,International project generating high-quality reference genomes across vertebrate diversity.,primary or curated specialist database,Locating material for sequencing and reproducible voucher-based genomics.,All taxa represented by biobanks.,"mixed or non-spatial, depending on source; spatial extent: global; geography: Global participating institutions.",Global collection network.; Sample and voucher record.,Historical and contemporary preserved material.; Material-sample level.,"Tissues, DNA, environmental samples, vouchers, permits and metadata.; **records/taxa:** Not consistently reported in the baseline source; verify the current release before quoting a count.","Compiled from the origins described in the resource documentation and lineage note. Links physical material, collection records and sequence archives.",Portal and APIs.; formats: GGBN standard; ABCD/Darwin Core; XML.; interface: See the official resource documentation for current programmatic interfaces.,Institution-specific material access and benefit-sharing restrictions; metadata generally open.; registration: Not reported in the baseline catalogue.,Actively maintained.,"Bridges specimens, permits and digital sequence information.",Material access varies by institution and legal framework. Not reported.,Locating material for sequencing and reproducible voucher-based genomics.,"Major biobanking infrastructure.; evidence: high for official fields, otherwise as stated in the verification note",Droege et al. GGBN Data Portal.,retained and standardised; verified 2026-07-14.
Genetic-distance datasets,,MacroPopGen,MacroPopGen,core,,https://www.nature.com/articles/s41597-021-00894-8,,Georeferenced compilation of vertebrate population-genetic differentiation studies across the Americas.,primary or curated specialist database,Comparative vertebrate genomics and conservation.,Vertebrates.,"mixed or non-spatial, depending on source; spatial extent: global; geography: Global.",Global taxonomic programme.; Species and genome assembly.,Contemporary samples.; Genome release.,"Reference assemblies, annotations, reads and project metadata.; **records/taxa:** Not consistently reported in the baseline source; verify the current release before quoting a count.",Compiled from the origins described in the resource documentation and lineage note. EBP affiliate; deposits through GenomeArk and INSDC.,"Project portal, GenomeArk and INSDC.; formats: FASTA; FASTQ; BAM/CRAM; GFF.; interface: See the official resource documentation for current programmatic interfaces.",Open with project citation and sample restrictions where relevant.; registration: Not reported in the baseline catalogue.,Actively maintained.,Very high assembly quality and phylogenetic design.,Taxonomic coverage incomplete and files are large. Not reported.,Comparative vertebrate genomics and conservation.,"Flagship taxon-specific genomics.; evidence: high for official fields, otherwise as stated in the verification note",Rhie et al. Vertebrate Genomes Project.,retained and standardised; verified 2026-07-14.
Species traits,,Amniote,Amniote Life-History Database,core,,https://datadryad.org/dataset/doi:10.5061/dryad.v28t5,,"Harmonised life-history database for birds, mammals and reptiles assembled from previous compilations and literature.",harmonised population-genetic synthesis,"Macrogenetics, landscape genetics and spatial patterns of population differentiation. Continental analyses of spatial genetic differentiation.",Vertebrates represented in published studies.,"terrestrial, freshwater and marine; spatial extent: continental; geography: North, Central and South America",Georeferenced populations and pairwise or study-level differentiation estimates; Population and study level,Published studies covered by the compilation; Study-level snapshot,"FST and related differentiation metrics, coordinates, sample and taxon metadata; **records/taxa:** Initial data paper reported 1,308 studies, 897 species and 9,090 populations.",Systematic literature review and standardisation. Transforms heterogeneous literature into harmonised macrogenetic records.,Repository download; formats: CSV and spatial/tabular files; interface: No general API reported,Open repository terms and source-study citation.; registration: No registration normally required.,Static publication-associated release.,Large continental synthesis with georeferenced populations.,"Americas only, vertebrate-biased and dependent on heterogeneous markers and FST definitions. Do not treat FST values from different marker systems and sampling designs as perfectly interchangeable.",Continental analyses of spatial genetic differentiation.,established; evidence: high,Leigh et al. MacroPopGen.,added after deep-search audit; verified 2026-07-14.
Species traits,,AmphiBIO,AmphiBIO,core,,https://www.nature.com/articles/sdata2017123,,"Global database of amphibian ecological, morphological and reproductive traits.",primary or curated specialist database,Cross-clade comparative life-history evolution and macroecology.,Amniotes.,"mixed or non-spatial, depending on source; spatial extent: global; geography: Global.",Global.; Species-level values.,Contemporary species.; Species level.,"Reproduction, development, longevity, body size and ecology.; **records/taxa:** Not consistently reported in the baseline source; verify the current release before quoting a count.",Compiled from the origins described in the resource documentation and lineage note. Integrates PanTHERIA and many literature sources under a common schema.,Dryad download.; formats: CSV.; interface: See the official resource documentation for current programmatic interfaces.,Open under Dryad release terms; citation required.; registration: Not reported in the baseline catalogue.,Static published release.,Cross-clade harmonisation and source fields.,"Static taxonomy, missing values and heterogeneous definitions. Not reported.",Cross-clade comparative life-history evolution and macroecology.,"Widely used comparative dataset.; evidence: high for official fields, otherwise as stated in the verification note",Myhrvold et al. Amniote life-history database.,retained and standardised; verified 2026-07-14.
Species traits,,AusTraits,AusTraits,core,,https://austraits.org/,,"Versioned, harmonised plant trait database for the Australian flora with controlled vocabulary and provenance.",primary or curated specialist database,"Amphibian functional diversity, extinction risk and macroecology.",Amphibians.,"mixed or non-spatial, depending on source; spatial extent: global; geography: Global.",Global.; Species-level traits.,Contemporary species.; Species level.,"Habitat, activity, reproduction, body size and ecology.; **records/taxa:** Not consistently reported in the baseline source; verify the current release before quoting a count.",Compiled from the origins described in the resource documentation and lineage note. Taxonomy aligns to a historical ASW/IUCN release.,Publication supplementary data.; formats: CSV.; interface: See the official resource documentation for current programmatic interfaces.,Open research use with citation.; registration: Not reported in the baseline catalogue.,Static published release.,Broad global coverage and model-ready categorical traits.,Missing data and static taxonomy; local variation absent. Not reported.,"Amphibian functional diversity, extinction risk and macroecology.","Core amphibian trait dataset.; evidence: high for official fields, otherwise as stated in the verification note",Oliveira et al. AmphiBIO.,retained and standardised; verified 2026-07-14.
Species traits,,AVONET,AVONET,core,,https://figshare.com/s/b990722d72a26b5bfead,,"Morphological, ecological and geographic traits for all extant bird species, including individual museum measurements.",primary or curated specialist database,"Australian ecology, restoration, conservation and functional biogeography.",Australian plants.,"mixed or non-spatial, depending on source; spatial extent: continental or regional; geography: Australia.","Australia.; Individual, population and taxon measurements.",Mostly modern.; Trait observation.,"Hundreds of plant traits, taxonomy, methods and sources.; **records/taxa:** Not consistently reported in the baseline source; verify the current release before quoting a count.",Compiled from the origins described in the resource documentation and lineage note. Harmonises many source datasets using Australian taxonomic infrastructure.,"Portal, GitHub, R package and releases.; formats: CSV; R data; database exports.; interface: See the official resource documentation for current programmatic interfaces.",CC BY 4.0 with attribution to original sources.; registration: Not reported in the baseline catalogue.,Actively maintained and versioned.,"Excellent provenance, openness and trait definitions.",Regional scope and uneven trait completeness. Not reported.,"Australian ecology, restoration, conservation and functional biogeography.","Leading regional trait infrastructure.; evidence: high for official fields, otherwise as stated in the verification note",Falster et al. AusTraits.,retained and standardised; verified 2026-07-14.
Species traits,,BeeFunc,BeeFunc,core,,https://www.nature.com/articles/s41597-025-04706-3,,Harmonised ecological and functional traits for wild bees in France.,primary or curated specialist database,"Global functional diversity, dispersal, trait evolution and community ecology.",Birds.,"mixed or non-spatial, depending on source; spatial extent: global; geography: Global, with specimens from many collections.",Global.; Individual specimens and species summaries.,Contemporary extant species.; Individual and species level.,"Morphology, ecology, range size, location and taxonomy.; **records/taxa:** Not consistently reported in the baseline source; verify the current release before quoting a count.","Compiled from the origins described in the resource documentation and lineage note. Complements BirdTree, BirdLife ranges and EltonTraits; taxonomy must be reconciled.",Figshare download and OpenTraits metadata.; formats: CSV.; interface: See the official resource documentation for current programmatic interfaces.,Open repository terms; citation required.; registration: Not reported in the baseline catalogue.,Static published release.,"Complete species coverage, raw measurements and standardised protocols.","Museum samples are spatially, sexually and taxonomically uneven; taxonomy version matching is essential. Not reported.","Global functional diversity, dispersal, trait evolution and community ecology.","Flagship taxon-wide trait dataset.; evidence: high for official fields, otherwise as stated in the verification note",Tobias et al. AVONET.,retained and standardised; verified 2026-07-14.
Species traits,,BIRDBASE,BIRDBASE,core,,https://www.nature.com/articles/s41597-026-06383-0,,"Comprehensive avian trait database aligned to AviList, covering morphology, ecology, life history, movement and conservation-relevant attributes.",regional publication-associated trait dataset,"Pollinator functional diversity, community ecology and response to land use. French and western European pollinator functional ecology.",Wild bees represented in the French fauna.,terrestrial; spatial extent: national; geography: France,Species-level trait table; Species level,Contemporary species knowledge; publication snapshot; Static release,"Morphology, nesting, sociality, phenology, diet breadth and other functional traits; **records/taxa:** Release-specific; consult the data paper for exact taxa and traits.","Literature, collections and expert synthesis. Can be joined to French occurrence and pollination-network data.",Publication repository; formats: CSV or spreadsheet; interface: No dedicated API reported,Open publication data with citation.; registration: No registration normally required.,Static published release.,"Detailed, harmonised pollinator traits for a well-defined regional species pool.",National scope and incomplete transferability to other bee faunas. Do not represent it as a global bee trait database.,French and western European pollinator functional ecology.,established; evidence: high,BeeFunc data paper.,added after deep-search audit; verified 2026-07-14.
Species traits,,CactEcoDB,CactEcoDB,core,,https://github.com/jamie-thompson/CactEcoDB,,"Integrated cactus species dataset combining traits, ranges, environments, phylogeny and diversification metrics.",publication-associated global trait dataset,"Bird functional ecology, macroevolution and integrated comparative modelling. Integrated bird trait modelling when broader attributes than AVONET are needed.",All bird species represented by the associated AviList release.,"aerial, terrestrial, freshwater and marine; spatial extent: global; geography: Worldwide",Species-level trait table; Species level,Current extant bird species; released in 2026; Static publication release with possible future versions,"Dozens of ecological, morphological, life-history and movement traits; **records/taxa:** Initial paper reports 78 traits for 11,589 avian species under its taxonomic treatment.","Synthesis of literature and existing avian trait sources. Harmonised against AviList and overlaps AVONET, EltonTraits and other avian compilations.",Publication repository and data download; formats: CSV or spreadsheet; interface: No general API reported,Open publication-associated terms with citation.; registration: No registration normally required.,New 2026 publication-associated dataset.,Very broad trait dimensions and current unified taxonomy.,Species counts and taxonomy differ from AviList v2025; provenance and imputation should be checked trait by trait. Do not mix overlapping trait fields from several compilations without source and uncertainty checks.,Integrated bird trait modelling when broader attributes than AVONET are needed.,emerging; evidence: high,BIRDBASE data paper.,added after deep-search audit; verified 2026-07-14.
Species traits,,CoralTraits,Coral Trait Database,core,,https://www.coraltraits.org/,,"Community-curated coral trait observations with taxonomy, phylogeny, geography and source metadata.",primary or curated specialist database,"Cactus ecology, evolution, diversification and conservation.",Cactaceae.,"mixed or non-spatial, depending on source; spatial extent: global; geography: Native and documented introduced cactus regions.","Global cactus distribution, predominantly the Americas.; Species-level and occurrence-derived summaries.",Contemporary species with evolutionary history.; Species level.,"Traits, ranges, environments, phylogeny and diversification rates.; **records/taxa:** Not consistently reported in the baseline source; verify the current release before quoting a count.","Compiled from the origins described in the resource documentation and lineage note. Derived from occurrence, taxonomy, trait, climate and phylogenetic sources.",GitHub and Figshare.; formats: CSV; R; tree files.; interface: See the official resource documentation for current programmatic interfaces.,Open repository licence with citation.; registration: Not reported in the baseline catalogue.,Static 2026 release with public code.,Model-ready integration across multiple data classes.,Taxon-specific and inherits upstream biases. Not reported.,"Cactus ecology, evolution, diversification and conservation.","Emerging specialised integrated dataset.; evidence: high for official fields, otherwise as stated in the verification note",Thompson et al. CactEcoDB.,retained and standardised; verified 2026-07-14.
Species traits,,CoRRE Traits,CoRRE Trait Data,core,,https://www.nature.com/articles/s41597-024-03637-x,,Plant trait data linked directly to coordinated global-change grassland experiments.,primary or curated specialist database,"Coral functional ecology, trait evolution, reef response and restoration.",Primarily scleractinian corals.,"marine; spatial extent: global; geography: Global, strongest for shallow reef-building corals.","Global oceans.; Observation, colony, population and species levels.",Modern field and experimental studies.; Trait observation.,"Life history, morphology, physiology, ecology, phylogeny and biogeography.; **records/taxa:** Not consistently reported in the baseline source; verify the current release before quoting a count.",Compiled from the origins described in the resource documentation and lineage note. Integrates primary studies and marine taxonomy.,Web portal and download.; formats: CSV.; interface: See the official resource documentation for current programmatic interfaces.,Open research initiative with contributor and citation requirements.; registration: Not reported in the baseline catalogue.,Actively growing.,Observation-level provenance and broad trait dimensions.,Bias toward studied shallow corals and incomplete traits. Not reported.,"Coral functional ecology, trait evolution, reef response and restoration.","Core marine trait database.; evidence: high for official fields, otherwise as stated in the verification note",Madin et al. Coral Trait Database.,retained and standardised; verified 2026-07-14.
Species traits,,EltonTraits,EltonTraits,core,,https://www.mol.org/downloads/,,"Species-level diet, foraging stratum, activity and body-mass traits for birds and mammals.",primary or curated specialist database,"Predicting species responses to nutrients, drought and experimental treatments.",Vascular plants in grassland experiments.,"terrestrial; spatial extent: global; geography: Multiple continents, temperate-biased.",Global experimental network.; Species traits linked to experimental communities.,Modern experiments.; Species and experiment level.,Continuous and categorical response traits and provenance.; **records/taxa:** Not consistently reported in the baseline source; verify the current release before quoting a count.,Compiled from the origins described in the resource documentation and lineage note. Designed to join with CoRRE community and treatment data.,Publication repository.; formats: CSV.; interface: See the official resource documentation for current programmatic interfaces.,Open under repository licence.; registration: Not reported in the baseline catalogue.,Static published release.,Direct link between traits and replicated global-change experiments.,Restricted to taxa and ecosystems represented in grassland experiments. Not reported.,"Predicting species responses to nutrients, drought and experimental treatments.","Specialised publication dataset.; evidence: high for official fields, otherwise as stated in the verification note",Komatsu et al. CoRRE Trait Data.,retained and standardised; verified 2026-07-14.
Species traits,,FungalTraits,FungalTraits,core,,https://github.com/traitecoevo/fungaltraits,,Taxon-level fungal ecological guild and functional-attribute assignments.,primary or curated specialist database,"Trophic ecology, functional diversity and approximate food-web construction.",Birds and mammals.,"mixed or non-spatial, depending on source; spatial extent: global; geography: Global.",Global.; Species-level attributes.,Contemporary extant and selected recently extinct species.; Species level.,"Diet proportions, foraging stratum, activity and body mass.; **records/taxa:** Not consistently reported in the baseline source; verify the current release before quoting a count.",Compiled from the origins described in the resource documentation and lineage note. Compiled from literature and commonly joined to ranges and phylogenies.,Download through Map of Life and publication archive.; formats: CSV.; interface: See the official resource documentation for current programmatic interfaces.,Research use with citation; current download terms apply.; registration: Not reported in the baseline catalogue.,Static widely used release.,Near-global bird and mammal coverage and model-ready trophic traits.,"Species-level simplification, uncertain or imputed values and dated taxonomy. Not reported.","Trophic ecology, functional diversity and approximate food-web construction.","Very widely used trait dataset.; evidence: high for official fields, otherwise as stated in the verification note",Wilman et al. EltonTraits 1.0.,retained and standardised; verified 2026-07-14.
Species traits,,GlobTherm,GlobTherm,core,,https://datadryad.org/dataset/doi:10.5061/dryad.1cv08,,Global compilation of experimentally measured thermal tolerance limits.,primary or curated specialist database,"Fungal metabarcoding, functional guild analysis and community annotation.",Fungi and fungus-like stramenopiles.,"mixed or non-spatial, depending on source; spatial extent: global; geography: Global.",Global non-spatial.; Taxon-level assignments.,Contemporary taxonomy and ecological knowledge.; Taxon level.,"Guild, lifestyle, morphology, substrate and confidence.; **records/taxa:** Not consistently reported in the baseline source; verify the current release before quoting a count.",Compiled from the origins described in the resource documentation and lineage note. Frequently linked to UNITE and metabarcoding pipelines.,GitHub releases and supplements.; formats: CSV; R-readable tables.; interface: See the official resource documentation for current programmatic interfaces.,Open-source with citation.; registration: Not reported in the baseline catalogue.,Static or intermittently updated.,Practical global ecological annotations for fungi.,Many assignments are inferred at genus or higher rank; confidence varies. Not reported.,"Fungal metabarcoding, functional guild analysis and community annotation.","Widely used fungal functional dataset.; evidence: high for official fields, otherwise as stated in the verification note",Põlme et al. FungalTraits.,retained and standardised; verified 2026-07-14.
Species traits,,MammalDIET,MammalDIET,core,,https://datadryad.org/stash/dataset/doi:10.5061/dryad.6ww2k,,Global compilation of quantitative and categorical diet preferences for terrestrial mammals.,primary or curated specialist database,"Climate vulnerability, physiology and trait-based distribution analysis.","Animals, plants and other tested organisms.","mixed or non-spatial, depending on source; spatial extent: global; geography: Global, strongly uneven.",Global.; Population or species-level experimental estimates.,Modern experiments.; Trait measurement.,"Critical thermal minima/maxima, acclimation and experimental metadata.; **records/taxa:** Not consistently reported in the baseline source; verify the current release before quoting a count.","Compiled from the origins described in the resource documentation and lineage note. Compiled from experimental literature and joined to occurrence, climate and phylogeny data.",Dryad download.; formats: CSV.; interface: See the official resource documentation for current programmatic interfaces.,Open research use with citation.; registration: Not reported in the baseline catalogue.,Static published release.,Cross-realm physiological coverage and experimental context.,Strong taxonomic bias and variable protocols or acclimation conditions. Not reported.,"Climate vulnerability, physiology and trait-based distribution analysis.","Major specialised trait synthesis.; evidence: high for official fields, otherwise as stated in the verification note",Bennett et al. GlobTherm.,retained and standardised; verified 2026-07-14.
Species traits,,PanTHERIA,PanTHERIA,core,,https://esapubs.org/archive/ecol/E090/184/,,"Species-level mammal life-history, ecological and geographic trait compilation.",publication-associated global trait dataset,"Trophic guilds, functional diversity, interaction approximation and extinction-risk analysis. Mammal trophic and functional analyses.",Terrestrial mammals represented by the source taxonomy.,terrestrial; spatial extent: global; geography: Worldwide,Species-level diet table; Species level,Contemporary species knowledge; publication snapshot; Static release,"Diet proportions, food categories, evidence and taxonomic metadata; **records/taxa:** Release-specific; consult the repository for exact species coverage.",Literature synthesis and existing mammal ecology sources. Complements EltonTraits and PanTHERIA and uses a specific mammal taxonomy.,Publication repository; formats: CSV or spreadsheet; interface: No dedicated API reported,Open repository terms with citation.; registration: No account normally required.,Static published release.,More detailed mammal diet representation than broad trophic guilds.,"Terrestrial emphasis, literature bias and uncertainty in flexible or regionally variable diets. Do not interpret species-level proportions as local realised diets.",Mammal trophic and functional analyses.,established; evidence: high,Kissling et al. MammalDIET.,added after deep-search audit; verified 2026-07-14.
Species traits,,ReptTraits,ReptTraits,core,,https://figshare.com/articles/dataset/ReptTraits/,,Global ecological and life-history trait compilation for reptiles.,primary or curated specialist database,"Mammal macroecology, extinction risk and life-history evolution.",Mammals.,"mixed or non-spatial, depending on source; spatial extent: global; geography: Global.",Global.; Species-level values.,Contemporary and recently extinct species.; Species level.,"Life history, ecology, geography and taxonomy.; **records/taxa:** Not consistently reported in the baseline source; verify the current release before quoting a count.",Compiled from the origins described in the resource documentation and lineage note. Uses an older mammal taxonomy; often harmonised to MDD.,Ecological Archives download and mirrors.; formats: CSV or text tables.; interface: See the official resource documentation for current programmatic interfaces.,Open research use with citation.; registration: Not reported in the baseline catalogue.,Static historical release.,Broad and influential mammal trait coverage.,Outdated taxonomy and substantial missing values. Not reported.,"Mammal macroecology, extinction risk and life-history evolution.","Classic trait dataset.; evidence: high for official fields, otherwise as stated in the verification note",Jones et al. PanTHERIA.,retained and standardised; verified 2026-07-14.
Species traits,,TRY,TRY Plant Trait Database,core,Try41.jpg,https://www.try-db.org/,,Global compilation of plant trait measurements contributed by many datasets and standardised to common definitions.,publication-associated global trait dataset,"Reptile macroecology, functional diversity and extinction-risk modelling. Reptile trait-based macroecology and comparative analysis.",Living reptiles.,"terrestrial, freshwater and marine; spatial extent: global; geography: Worldwide",Species-level trait table; Species level,Contemporary extant reptiles; publication snapshot; Static release,"Morphology, habitat, reproduction, activity, diet and life-history traits; **records/taxa:** Initial release covers approximately 12,060 species and 40 traits.",Literature synthesis and established reptile databases. Uses a specific Reptile Database taxonomy and overlaps Amniote traits.,Figshare or publication repository; formats: CSV or spreadsheet; interface: No dedicated API reported,Open repository licence with citation.; registration: No registration normally required.,Static published release.,Near-complete reptile scope and multiple ecological dimensions.,"Static taxonomy, missing values and species-level averaging. Do not assume all traits are directly measured or temporally current.",Reptile trait-based macroecology and comparative analysis.,established; evidence: high,ReptTraits data paper.,added after deep-search audit; verified 2026-07-14.
Functional diversity data,,GIFT,Global Inventory of Floras and Traits,core,,https://gift.uni-goettingen.de/,,"Database of regional plant checklists linked to geography, environment and species traits.",primary or curated specialist database,"Functional biogeography, ecosystem modelling, trait-environment analysis and community-weighted traits.","Plants, especially vascular plants.","mixed or non-spatial, depending on source; spatial extent: global; geography: Global with geographic and taxonomic gaps.","Global.; Individual, population and species-level measurements.",Mostly modern observations.; Trait measurement.,"Morphological, physiological, phenological, chemical and life-history traits.; **records/taxa:** Not consistently reported in the baseline source; verify the current release before quoting a count.",Compiled from the origins described in the resource documentation and lineage note. Aggregates hundreds of primary trait datasets and feeds global trait maps and plant community products.,Application-based data request and selected open products.; formats: CSV; tabular extracts.; interface: See the official resource documentation for current programmatic interfaces.,Dataset-specific licences and contributor conditions; not all data are redistributable.; registration: Not reported in the baseline catalogue.,Actively maintained.,Largest plant trait compilation with measurement-level provenance.,"Restricted access, heterogeneous protocols and strong missingness; species means hide intraspecific variation. Not reported.","Functional biogeography, ecosystem modelling, trait-environment analysis and community-weighted traits.","Foundational global trait infrastructure.; evidence: high for official fields, otherwise as stated in the verification note",Kattge et al. TRY plant trait database.,retained and standardised; verified 2026-07-14.
Functional diversity data,,OTN,Open Traits Network dataset registry,core,,https://opentraits.org/datasets.html,,"Community registry of trait datasets, standards and tools across taxa.",primary or curated specialist database,"Island and regional floristics, species pools, trait biogeography and macroecology.",Vascular plants and bryophytes depending on source.,"terrestrial; spatial extent: global; geography: Global, especially detailed for islands.","Global regional floras.; Islands, political units, protected areas and other regions.",Mostly contemporary flora knowledge with historical checklist sources.; Checklist and region level.,"Species-by-region checklists, region geometry, traits and environmental attributes.; **records/taxa:** Not consistently reported in the baseline source; verify the current release before quoting a count.","Compiled from the origins described in the resource documentation and lineage note. Integrates floras, taxonomy, traits and region geometry; overlaps BIEN but focuses on regional pools.",Portal and data request/collaboration.; formats: CSV and GIS.; interface: See the official resource documentation for current programmatic interfaces.,Data-use agreement and contributor citation; not all data fully open.; registration: Not reported in the baseline catalogue.,Actively maintained.,Explicit regional species pools and island metadata.,"Coarse regional presence, access conditions and checklist-age heterogeneity. Not reported.","Island and regional floristics, species pools, trait biogeography and macroecology.","Core global floristic synthesis.; evidence: high for official fields, otherwise as stated in the verification note",Weigelt et al. GIFT.,retained and standardised; verified 2026-07-14.
Functional diversity data,,TraitBank,TraitBank,core,,https://eol.org/traitbank,,Encyclopedia of Life infrastructure aggregating structured trait and ecological association statements.,dataset registry and interoperability network,"Trait-resource discovery, interoperability and gap analysis. Finding trait datasets and documenting data lineage.",Multiple organism groups represented by registered datasets.,mixed or non-spatial; spatial extent: global; geography: Worldwide resources,Dataset metadata and links; Dataset level,Current registry of extant and historical trait resources; Continuously updated registry,"Dataset descriptions, taxonomic scope, links and standards; **records/taxa:** A registry rather than a single record database; counts change as resources are added.","Community curation and linked trait infrastructures. Points to TRY, AVONET, AusTraits and many specialist datasets without merging their records.",Web registry and linked repositories; formats: Web records and source-specific formats; interface: Web portal,Registry is open; each linked dataset retains its own licence.; registration: No account for browsing.,Active community network.,Excellent discovery layer and community standards.,Not itself a harmonised trait table; access and definitions remain source-specific. Do not cite the registry instead of the actual dataset used.,Finding trait datasets and documenting data lineage.,established; evidence: high,Open Traits Network.,added after deep-search audit; verified 2026-07-14.
Biotic interactions,,GloBI,Global Biotic Interactions,core,globi.svg,https://globalbioticinteractions.org/,,Open infrastructure indexing species-interaction records from literature and datasets.,aggregator or federated infrastructure,"Trait discovery, semantic integration and linked-data applications.",Broad taxonomic coverage.,"mixed or non-spatial, depending on source; spatial extent: global; geography: Global.",Global non-spatial.; Taxon-trait statement.,Current and historical source data.; Statement level.,"Traits, measurements, associations and provenance.; **records/taxa:** Not consistently reported in the baseline source; verify the current release before quoting a count.",Compiled from the origins described in the resource documentation and lineage note. Aggregates specialist databases and literature-derived statements.,EOL portal and APIs.; formats: JSON and linked-data formats.; interface: See the official resource documentation for current programmatic interfaces.,Source-specific licences and attribution.; registration: Not reported in the baseline catalogue.,Maintained within Encyclopedia of Life.,Very broad scope and semantic relationships.,"Variable quality, duplicates and inconsistent measurement detail. Not reported.","Trait discovery, semantic integration and linked-data applications.","Major trait aggregator.; evidence: high for official fields, otherwise as stated in the verification note",Parr et al. TraitBank.,retained and standardised; verified 2026-07-14.
Food webs and ecological networks,,Mangal,Mangal,core,,https://mangal.io/,,Database and data standard for georeferenced ecological interaction networks with study context.,aggregator or federated infrastructure,"Food webs, host-parasite analysis, trophic modelling and interaction discovery.",All biological groups and interaction types represented by contributing sources; coverage is study-dependent.,"mixed or non-spatial, depending on source; spatial extent: global; geography: Global, strongly study-biased.","Global.; Interaction event, taxon pair, study and sometimes locality.",Historical literature to present.; Interaction record.,"Predator-prey, pollination, parasitism, host-pathogen and other relations.; **records/taxa:** Not consistently reported in the baseline source; verify the current release before quoting a count.","Compiled from the origins described in the resource documentation and lineage note. Aggregator of Mangal, natural-history datasets and literature extractions.","Web search, API, dumps and clients.; formats: TSV; CSV; JSON; linked data.; interface: See the official resource documentation for current programmatic interfaces.",Open data while retaining source licences and citations.; registration: Not reported in the baseline catalogue.,Actively maintained.,Broadest interaction search infrastructure and explicit provenance.,Absences and sampling effort are usually unknown; duplicates and directionality require cleaning. Not reported.,"Food webs, host-parasite analysis, trophic modelling and interaction discovery.","Foundational interaction aggregator.; evidence: high for official fields, otherwise as stated in the verification note",Poelen et al. Global Biotic Interactions.,retained and standardised; verified 2026-07-14.
Food webs and ecological networks,,trophiCH,trophiCH,core,,https://www.nature.com/articles/s41597-024-04304-x,,Species-level Swiss metaweb integrating trophic interactions across multiple organism groups.,primary or curated specialist database,"Network ecology, interaction biogeography and comparative network structure.","Pollination, host-parasite, food-web and other network taxa.","mixed or non-spatial, depending on source; spatial extent: global; geography: Global, literature-biased.","Global.; Networks, nodes and interaction edges.",Modern published ecological studies.; Study or network sampling event.,"Networks, nodes, interactions, locations, dates and references.; **records/taxa:** Not consistently reported in the baseline source; verify the current release before quoting a count.",Compiled from the origins described in the resource documentation and lineage note. Can be indexed by GloBI and retains network context.,Web API and R package.; formats: JSON and tabular matrices.; interface: See the official resource documentation for current programmatic interfaces.,Open infrastructure; dataset-specific citations apply.; registration: Not reported in the baseline catalogue.,"Active, community-dependent.",Standard network representation and programmatic access.,Coverage is limited relative to the published literature and methods are heterogeneous. Not reported.,"Network ecology, interaction biogeography and comparative network structure.","Major network repository.; evidence: high for official fields, otherwise as stated in the verification note",Poisot et al. Mangal.,retained and standardised; verified 2026-07-14.
Food webs and ecological networks,,Web of Life,Web of Life Ecological Networks Database,core,,https://www.web-of-life.es/,,"Curated portal of ecological networks including pollination, seed dispersal, host-parasite and food webs.",regional multi-trophic metaweb,"Food-web modelling, community assembly and ecosystem-network analyses. Regional multispecies eco-evolutionary and network simulations.",Swiss species represented in published trophic literature.,terrestrial and freshwater; spatial extent: national; geography: Switzerland,Species-level directed interaction network; Metaweb edge level,Literature from 1862 to 2023; Static literature-synthesis release,"Predator–prey and consumer–resource edges, taxonomy and evidence; **records/taxa:** Release-specific; consult the data paper for edge and taxon counts.","Systematic literature compilation and taxonomic harmonisation. Can be joined to Swiss occurrence, trait and habitat data; interactions may also be indexed by GloBI.",Publication repository; formats: CSV and network tables; interface: No dedicated API reported,Open publication data with citation.; registration: No registration normally required.,Static published release.,"Cross-trophic, species-level national metaweb with evidence links.",Potential interactions rather than locally realised food webs; literature and taxonomic bias. Do not use every metaweb edge as simultaneously realised at a local site.,Regional multispecies eco-evolutionary and network simulations.,established; evidence: high,trophiCH data paper.,added after deep-search audit; verified 2026-07-14.
"Host-parasite, plant-pollinator, predator-prey, and symbiotic interaction",,DoPI,Database of Pollinator Interactions,core,,https://globalbioticinteractions.org/,,Compilation of plant-pollinator interactions from published and unpublished studies.,primary or curated specialist database,Comparative network ecology and teaching.,"Multiple interacting taxa, especially plants and animals.","mixed or non-spatial, depending on source; spatial extent: global; geography: Global, concentrated in well-studied regions.",Global.; Interaction matrices and network localities.,Modern studies.; Network level.,"Bipartite and food-web matrices, metadata and maps.; **records/taxa:** Not consistently reported in the baseline source; verify the current release before quoting a count.",Compiled from the origins described in the resource documentation and lineage note. Overlaps Mangal and GloBI; emphasises curated matrices.,"Web portal, downloads and JSON service.; formats: CSV; matrix; JSON.; interface: See the official resource documentation for current programmatic interfaces.",Research use with citation to original networks.; registration: Not reported in the baseline catalogue.,Maintained specialist portal.,Easy access to classic networks.,Smaller coverage and variable sampling metadata. Not reported.,Comparative network ecology and teaching.,"Widely used specialist database.; evidence: high for official fields, otherwise as stated in the verification note",Fortuna et al. Web of Life.,retained and standardised; verified 2026-07-14.
"Host-parasite, plant-pollinator, predator-prey, and symbiotic interaction",,Global bee–plant,Global bee–plant interaction dataset,core,,https://www.nature.com/articles/s41597-026-06620-4,,"Global synthesis of documented bee–plant interactions assembled from databases, literature and collections.",primary or curated specialist database,"Pollination networks, interaction matching and conservation.",Flowering plants and animal pollinators.,"mixed or non-spatial, depending on source; spatial extent: global; geography: Global but incomplete.","Global, biased toward Europe and the Americas.; Interaction record and network.",Modern studies.; Observation or study level.,"Interactions, taxa, sites and study metadata.; **records/taxa:** Not consistently reported in the baseline source; verify the current release before quoting a count.",Compiled from the origins described in the resource documentation and lineage note. Some records are available through GloBI.,Publication supplements and aggregation through GloBI.; formats: Tabular data.; interface: See the official resource documentation for current programmatic interfaces.,Source-specific conditions and citations.; registration: Not reported in the baseline catalogue.,Standalone maintenance uncertain; records partly aggregated.,Focused pollination coverage.,Current standalone access and duplication are uncertain. Not reported.,"Pollination networks, interaction matching and conservation.","Specialised historical dataset.; evidence: high for official fields, otherwise as stated in the verification note",Borrell et al. Database of Pollinator Interactions.,retained and standardised; verified 2026-07-14.
"Host-parasite, plant-pollinator, predator-prey, and symbiotic interaction",,NHM HPD,NHM Host-Parasite Database,core,,https://www.nhm.ac.uk/research-curation/scientific-resources/taxonomy-systematics/host-parasites/,,"Curated host-parasite associations, particularly helminths and vertebrate hosts, compiled from taxonomic literature.",publication-associated interaction synthesis,"Pollination biogeography, network completion, trait matching and conservation. Global pollination-network synthesis and sampling-gap analysis.",Bees and flowering plants represented in source records.,terrestrial; spatial extent: global; geography: Worldwide but strongly concentrated in North America and western Europe,Pairwise interaction records with locations and sources; Interaction record; locality precision varies,Historical literature and collections to recent observations; Interaction-event or source-record level,"Bee–plant links, taxonomic names, coordinates and source metadata; **records/taxa:** The 2026 release reports 981,982 unique interactions involving 5,537 bee species and 12,699 plant taxa.","Literature, museum labels, citizen science and existing interaction databases. Overlaps GloBI, DoPI and regional pollination networks; retains source lineage.",Publication repository; formats: CSV and associated tables; interface: No general API reported,Open publication data with source citation requirements.; registration: No registration normally required.,Static 2026 release.,Exceptional taxonomic and interaction volume for pollination.,Severe geographic and research-effort bias; absence and interaction effort are generally unknown. Do not interpret unrecorded pairs as non-interactions.,Global pollination-network synthesis and sampling-gap analysis.,emerging; evidence: high,Global bee–plant interaction data paper.,added after deep-search audit; verified 2026-07-14.
Paleoclimate reconstructions,,CenCO2PIP,CenCO2PIP,core,,https://www.cenco2pip.com/,,Community-vetted Cenozoic atmospheric CO2 proxy compilation and reconstruction.,primary or curated specialist database,"Parasite biogeography, host specificity and disease ecology.",Helminths and vertebrate hosts.,"mixed or non-spatial, depending on source; spatial extent: global; geography: Global, uneven by host and region.",Global.; Host-parasite association and locality record.,Historical literature to present.; Literature association.,"Host-parasite links, taxonomy, localities and references.; **records/taxa:** Not consistently reported in the baseline source; verify the current release before quoting a count.",Compiled from the origins described in the resource documentation and lineage note. Some records may be indexed by GloBI or published in derivative databases.,Legacy web portal or extracts.; formats: Tabular database exports.; interface: See the official resource documentation for current programmatic interfaces.,Research use with citation; current terms and access should be checked.; registration: Not reported in the baseline catalogue.,Maintenance and interface status uncertain.,Deep specialist literature coverage.,"Legacy interface, older taxonomy and uncertain download pathway. Not reported.","Parasite biogeography, host specificity and disease ecology.","Important historical specialist source.; evidence: high for official fields, otherwise as stated in the verification note",Natural History Museum host-parasite database documentation.,retained and standardised; verified 2026-07-14.
Paleoclimate reconstructions,,CENOGRID,CENOGRID,core,,https://doi.pangaea.de/10.1594/PANGAEA.917503,,Astronomically tuned global reference composite of benthic foraminiferal carbon and oxygen isotopes.,harmonised synthesis dataset,"Diversification-environment analysis, climate forcing and carbon-cycle studies.",Geochemical and palaeobotanical proxies.,mixed or not inherently biological; spatial extent: global; geography: Global but uneven proxy sites.,Global synthesis.; Proxy measurements and synthesis curves.,66 Ma to present.; Irregular points and continuous summaries.,"CO2 estimates, calibrations, uncertainty and synthesis curves.; **records/taxa:** Not consistently reported in the baseline source; verify the current release before quoting a count.",Compiled from the origins described in the resource documentation and lineage note. Recalibrates several proxy classes and can be compared with alternative CO2 histories.,Project site and publication repository.; formats: CSV and supplementary tables.; interface: See the official resource documentation for current programmatic interfaces.,Open with citation.; registration: Not reported in the baseline catalogue.,Active consortium with versioned products.,Community screening and explicit uncertainty.,Sparse intervals and disagreement among proxies; global curve is not regional climate. Not reported.,"Diversification-environment analysis, climate forcing and carbon-cycle studies.","Core Cenozoic environmental dataset.; evidence: high for official fields, otherwise as stated in the verification note",CenCO2PIP Consortium.,retained and standardised; verified 2026-07-14.
Paleoclimate reconstructions,,DoD2k,Database of Databases for Common Era Paleoclimate,core,,https://lipdverse.org/,,Merged and harmonised database of curated Common Era palaeoclimate compilations.,harmonised synthesis dataset,"Cenozoic climate context, deep-ocean temperature and carbon-cycle analysis.",Benthic foraminiferal isotope proxies.,marine; spatial extent: global; geography: Global ocean sites combined.,Global marine composite.; Deep-sea samples combined into a reference splice.,"66 Ma to present.; Thousands to tens of thousands of years, variable.","Benthic δ18O, δ13C, age model and source records.; **records/taxa:** Not consistently reported in the baseline source; verify the current release before quoting a count.",Compiled from the origins described in the resource documentation and lineage note. Composite of multiple ocean-drilling sites and often converted to temperature.,PANGAEA and project files.; formats: Tables and spreadsheets.; interface: See the official resource documentation for current programmatic interfaces.,Open with citation.; registration: Not reported in the baseline catalogue.,Static reference release.,High temporal resolution and coherent Cenozoic framework.,δ18O combines temperature and ice volume; stacking masks regional variation. Not reported.,"Cenozoic climate context, deep-ocean temperature and carbon-cycle analysis.","Foundational Cenozoic proxy record.; evidence: high for official fields, otherwise as stated in the verification note",Westerhold et al. CENOGRID.,retained and standardised; verified 2026-07-14.
Paleoclimate reconstructions,,NOAA Paleo,NOAA World Data Service for Paleoclimatology,core,,https://www.ncei.noaa.gov/products/paleoclimatology,,General archive for palaeoclimate proxy records and reconstructions from natural archives.,primary database or curated data infrastructure,Climate reconstruction and evaluation over the last two millennia.,"Tree rings, ice, coral, sediment and other proxies.",mixed or not inherently biological; spatial extent: global; geography: Global.,Global.; Proxy sites and time series.,1–2000 CE.; Annual to multidecadal depending on proxy.,"Proxy series, chronologies, metadata and source lineage.; **records/taxa:** Not consistently reported in the baseline source; verify the current release before quoting a count.",Compiled from the origins described in the resource documentation and lineage note. Merges five established databases through reproducible tooling.,LiPDverse and repository tools.; formats: LiPD; CSV; structured files.; interface: See the official resource documentation for current programmatic interfaces.,Open versioned release with source citations.; registration: Not reported in the baseline catalogue.,New 2026 versioned synthesis.,Reduces duplication and format fragmentation.,Only Common Era and inherits source biases. Not reported.,Climate reconstruction and evaluation over the last two millennia.,"Emerging harmonised synthesis.; evidence: high for official fields, otherwise as stated in the verification note",Evans et al. Database of databases for Common Era paleoclimate applications.,retained and standardised; verified 2026-07-14.
Paleoclimate reconstructions,,PANGAEA,PANGAEA,core,,https://www.pangaea.de/,,"Curated data publisher and repository for Earth, environmental and biodiversity data, especially marine and palaeo records.",primary database or curated data infrastructure,"Palaeoclimate reconstruction, proxy-model comparison and historical environmental context.",Biological and geochemical proxies.,"marine, freshwater, terrestrial; spatial extent: global; geography: Global.","Global terrestrial, freshwater, ice and marine.; Site, core, grid or reconstruction product.","Hundreds to millions of years; strongest Quaternary and Common Era.; Subannual to geological, dataset-dependent.","Tree rings, ice cores, pollen, corals, speleothems, sediments and reconstructions.; **records/taxa:** Not consistently reported in the baseline source; verify the current release before quoting a count.",Compiled from the origins described in the resource documentation and lineage note. Repository rather than one harmonised dataset; overlaps PANGAEA and specialist databases.,"Search portal, direct files and selected APIs.; formats: Text; CSV; NetCDF; specialised formats.; interface: See the official resource documentation for current programmatic interfaces.",Mostly open; dataset citation and investigator conditions apply.; registration: Not reported in the baseline catalogue.,Actively maintained.,Extremely broad archive types and durable preservation.,Heterogeneous formats and metadata; archive-specific interpretation essential. Not reported.,"Palaeoclimate reconstruction, proxy-model comparison and historical environmental context.","Foundational palaeoclimate archive.; evidence: high for official fields, otherwise as stated in the verification note",NOAA NCEI Paleoclimatology documentation.,retained and standardised; verified 2026-07-14.
Paleoclimate reconstructions,,PhanDA,Phanerozoic global surface temperature reconstruction,core,,https://www.science.org/doi/10.1126/science.adk3705,,Data-assimilation reconstruction combining proxy SSTs with climate simulations.,primary database or curated data infrastructure,"Publication-associated data discovery, proxy synthesis and model-data comparison.",No fixed taxonomic scope.,marine; spatial extent: global; geography: Global.,"Global.; Dataset-specific sites, cores, transects and grids.",Deep time to present.; Dataset-specific.,"Proxy measurements, occurrences, geochemistry, oceanography and model outputs.; **records/taxa:** Not consistently reported in the baseline source; verify the current release before quoting a count.",Compiled from the origins described in the resource documentation and lineage note. Hosts CENOGRID and thousands of publication datasets.,"Search portal, DOI datasets and APIs.; formats: Tab-delimited; CSV; NetCDF; specialised formats.; interface: See the official resource documentation for current programmatic interfaces.","Dataset-specific licences, commonly CC BY.; registration: Not reported in the baseline catalogue.",Actively maintained.,"High-quality curation, DOIs and strong marine coverage.",Not harmonised across deposits; broad searches require screening. Not reported.,"Publication-associated data discovery, proxy synthesis and model-data comparison.","Foundational Earth-data repository.; evidence: high for official fields, otherwise as stated in the verification note",PANGAEA data publisher documentation.,retained and standardised; verified 2026-07-14.
Paleoclimate reconstructions,,PhanSST,PhanSST,core,,https://doi.org/10.5281/zenodo.5790387,,Global compilation of Phanerozoic sea-surface temperature proxy estimates from several proxy systems.,primary database or curated data infrastructure,"Macroevolutionary forcing, Earth-system history and uncertainty-aware temperature trajectories.",Environmental reconstruction.,mixed or not inherently biological; spatial extent: global; geography: Global.,Global.; Global mean curve and supporting assimilated information.,"485 Ma to present.; Variable, generally multi-million-year in deep time.",Global mean surface temperature and uncertainty.; **records/taxa:** Not consistently reported in the baseline source; verify the current release before quoting a count.,Compiled from the origins described in the resource documentation and lineage note. Assimilates proxy data and climate simulations.,Article data repository and supplements.; formats: CSV and model-data files.; interface: See the official resource documentation for current programmatic interfaces.,Open publication data with citation.; registration: Not reported in the baseline catalogue.,Static 2024 product.,Explicit data-model integration and uncertainty.,Global mean masks regional climate; dependent on models and proxy screening. Not reported.,"Macroevolutionary forcing, Earth-system history and uncertainty-aware temperature trajectories.","Flagship deep-time climate synthesis.; evidence: high for official fields, otherwise as stated in the verification note",Judd et al. A 485-million-year history of Earth's surface temperature.,retained and standardised; verified 2026-07-14.
Paleoclimate reconstructions,,PALEOTEMP,Scotese Phanerozoic palaeotemperature curve,core,,https://www.scotese.com/climate.htm,,Global mean surface-temperature curve combining oxygen isotopes with lithological and palaeobiological indicators.,harmonised synthesis dataset,"Deep-time temperature reconstruction, data assimilation and climate-model evaluation.",Marine proxy measurements.,"marine; spatial extent: global; geography: Global, uneven.",Global oceans.; Georeferenced proxy samples.,"Phanerozoic, coverage varies strongly.; Individual measurement with age uncertainty.","SST proxies, ages, coordinates, methods and quality metadata.; **records/taxa:** Not consistently reported in the baseline source; verify the current release before quoting a count.",Compiled from the origins described in the resource documentation and lineage note. Feeds later data-assimilation temperature products.,Zenodo and publication supplements.; formats: CSV and tables.; interface: See the official resource documentation for current programmatic interfaces.,Open with citation.; registration: Not reported in the baseline catalogue.,Static versioned release.,Multi-proxy and site-level uncertainty metadata.,"Large temporal gaps, calibration differences and marine bias. Not reported.","Deep-time temperature reconstruction, data assimilation and climate-model evaluation.","Major publication-associated proxy database.; evidence: high for official fields, otherwise as stated in the verification note",Judd et al. PhanSST database.,retained and standardised; verified 2026-07-14.
Climate-model simulations and derived paleoclimate layers,,BRIDGE/Valdes,BRIDGE Phanerozoic HadCM3L simulations,core,,https://www.paleo.bristol.ac.uk/resources/simulations/,,Stage-level global palaeoclimate simulations using the HadCM3L coupled atmosphere-ocean-vegetation model.,primary database or curated data infrastructure,Long-term environment-diversification correlation and Earth-history context.,"Geochemical, lithological and fossil indicators.",mixed or not inherently biological; spatial extent: global; geography: Global.,Global.; Global time-series curve.,540 Ma to present.; Multi-million-year smoothed curve.,Temperature estimates and uncertainty in associated work.; **records/taxa:** Not consistently reported in the baseline source; verify the current release before quoting a count.,Compiled from the origins described in the resource documentation and lineage note. Uses fossil palm and crocodilian distributions among calibration indicators.,Publication supplements and PALEOMAP resources.; formats: Tabular curve and figures.; interface: See the official resource documentation for current programmatic interfaces.,Publication-associated research data.; registration: Not reported in the baseline catalogue.,Static synthesis with maintained project pages.,Full-Phanerozoic coverage and intuitive global curve.,Potential circularity for taxa used in calibration; global smoothing hides rapid/regional change. Not reported.,Long-term environment-diversification correlation and Earth-history context.,"Widely used deep-time curve.; evidence: high for official fields, otherwise as stated in the verification note",Scotese et al. Phanerozoic paleotemperatures.,retained and standardised; verified 2026-07-14.
Climate-model simulations and derived paleoclimate layers,,CHELSA-TraCE21k,CHELSA-TraCE21k,core,chelsa_trace21k_bio12.png,https://www.chelsa-climate.org/models/chelsa-trace21k,,Terrain-informed downscaled transient climate data from the Last Glacial Maximum to the present.,"derived environmental product, reconstruction, or model output","Deep-time biodiversity modelling, palaeo-SDMs and environmental forcing.",No intrinsic taxonomic coverage: climate or Earth-system model output.,marine; spatial extent: global; geography: Global.,Global.; Approximately 3.75° × 2.5° climate grids.,541 Ma to present.; 109 geological-stage simulations.,"Temperature, precipitation, ocean and vegetation variables.; **records/taxa:** Not consistently reported in the baseline source; verify the current release before quoting a count.",Compiled from the origins described in the resource documentation and lineage note. Forced by Scotese/Wright palaeogeography; fossil paleocoordinates should use a consistent plate framework.,BRIDGE climate archive downloads.; formats: NetCDF and diagnostics.; interface: See the official resource documentation for current programmatic interfaces.,Research use with citation.; registration: Not reported in the baseline catalogue.,Static ensemble with maintained archive pages.,Full Phanerozoic stage coverage and standardised variables.,"Coarse grids, sparse slices and dependence on one model and palaeogeography. Not reported.","Deep-time biodiversity modelling, palaeo-SDMs and environmental forcing.","Core deep-time simulation resource.; evidence: high for official fields, otherwise as stated in the verification note","Valdes, Scotese & Lunt. Deep ocean temperatures through time.",retained and standardised; verified 2026-07-14.
Climate-model simulations and derived paleoclimate layers,,PaleoClim,PaleoClim,core,paleoclim.jpg,https://www.paleoclim.org/,,High-resolution global terrestrial palaeoclimate surfaces for common Pliocene and Quaternary time slices.,"derived environmental product, reconstruction, or model output","Fine-scale phylogeography, SDMs, refugia and postglacial change.",No intrinsic taxonomic coverage: environmental raster layers.,terrestrial; spatial extent: global; geography: Global land.,Global land.; Approximately 1 km.,21 ka BP to present.; Centennial products.,"Monthly climate, bioclimatic variables and topographic covariates.; **records/taxa:** Not consistently reported in the baseline source; verify the current release before quoting a count.",Compiled from the origins described in the resource documentation and lineage note. Downscales TraCE-21ka using CHELSA methods and high-resolution terrain.,"CHELSA downloads, EnviDat and pastclim.; formats: GeoTIFF; NetCDF.; interface: See the official resource documentation for current programmatic interfaces.",Open with citation.; registration: Not reported in the baseline catalogue.,Actively hosted and versioned.,Exceptional spatial-temporal detail for the last 21 kyr.,Downscaling can imply excessive local certainty and assumes terrain representations. Not reported.,"Fine-scale phylogeography, SDMs, refugia and postglacial change.","Core recent-palaeoclimate dataset.; evidence: high for official fields, otherwise as stated in the verification note",Karger et al. CHELSA-TraCE21k.,retained and standardised; verified 2026-07-14.
Climate-model simulations and derived paleoclimate layers,,Phanerozoic CESM,Phanerozoic CESM climate dataset,core,,https://www.nature.com/articles/s41597-022-01490-4,,High-resolution global Phanerozoic climate simulations at ten-million-year intervals using CESM.,"derived environmental product, reconstruction, or model output","Species-distribution modelling, refugia and phylogeography.",No intrinsic taxonomic coverage: environmental raster layers.,terrestrial; spatial extent: global; geography: Global land.,Global land.; Typically 2.5 arc-minute and finer products.,"Selected Pliocene, Pleistocene and Holocene intervals.; Discrete palaeoclimate snapshots.",Bioclimatic temperature and precipitation variables.; **records/taxa:** Not consistently reported in the baseline source; verify the current release before quoting a count.,Compiled from the origins described in the resource documentation and lineage note. Downscaled from multiple simulations and accessible through pastclim.,Direct web download and R access.; formats: GeoTIFF.; interface: See the official resource documentation for current programmatic interfaces.,Open with citation.; registration: Not reported in the baseline catalogue.,Maintained portal with static time slices.,Easy SDM-compatible bioclimatic variables.,"Discrete slices, land-only and scenario uncertainty. Not reported.","Species-distribution modelling, refugia and phylogeography.","Very widely used palaeo-SDM data.; evidence: high for official fields, otherwise as stated in the verification note",Brown et al. PaleoClim.,retained and standardised; verified 2026-07-14.
Modern climate and environmental data,,BEST,Berkeley Earth Surface Temperature,core,,https://berkeleyearth.org/data/,,Global land and ocean temperature analysis with station and gridded products.,"derived environmental product, reconstruction, or model output",Long-term climate evolution and biodiversity simulation comparisons.,No intrinsic taxonomic coverage: climate or Earth-system model output.,mixed or not inherently biological; spatial extent: global; geography: Global.,Global.; Approximately 0.9° × 1.25° atmosphere grid.,540 Ma to present.; 10 Ma time slices.,"Temperature, precipitation and other CESM climate variables.; **records/taxa:** Not consistently reported in the baseline source; verify the current release before quoting a count.",Compiled from the origins described in the resource documentation and lineage note. Uses Scotese-derived palaeogeography and CESM 1.2.2.,Publication repository and archive.; formats: NetCDF.; interface: See the official resource documentation for current programmatic interfaces.,Open research data with citation.; registration: Not reported in the baseline catalogue.,Static published dataset.,Finer grid than many full-Phanerozoic ensembles.,Ten-million-year spacing and single-model structural uncertainty. Not reported.,Long-term climate evolution and biodiversity simulation comparisons.,"Major deep-time climate dataset.; evidence: high for official fields, otherwise as stated in the verification note",Li et al. High-resolution climate simulation dataset for the past 540 million years.,retained and standardised; verified 2026-07-14.
Modern climate and environmental data,,CHELSA,CHELSA,core,chelsa_logo.gif,https://chelsa-climate.org/,,"High-resolution terrain-informed global land climate products spanning climatologies, histories and projections.","derived environmental product, reconstruction, or model output",Historical warming trends and independent climate comparison.,No intrinsic taxonomic coverage: environmental covariates.,"marine, terrestrial; spatial extent: global; geography: Global.",Global.; Station records and gridded analyses.,Mid-nineteenth century to present.; Monthly and selected daily products.,"Temperature anomalies, absolute temperatures, stations and uncertainty.; **records/taxa:** Not consistently reported in the baseline source; verify the current release before quoting a count.",Compiled from the origins described in the resource documentation and lineage note. Independent synthesis of land-station and ocean records.,Direct downloads.; formats: Text; CSV; NetCDF.; interface: See the official resource documentation for current programmatic interfaces.,Open with attribution.; registration: Not reported in the baseline catalogue.,Actively updated.,Transparent uncertainty and long record.,Temperature only and relatively coarse for local biodiversity. Not reported.,Historical warming trends and independent climate comparison.,"Major global temperature dataset.; evidence: high for official fields, otherwise as stated in the verification note",Rohde et al. Berkeley Earth methods.,retained and standardised; verified 2026-07-14.
Modern climate and environmental data,,CRU TS,CRU Time-Series,core,,https://crudata.uea.ac.uk/cru/data/hrg/,,Monthly station-based gridded global land-climate record extending from 1901.,"derived environmental product, reconstruction, or model output","Mountain ecology, SDMs, hydrology and climate exposure.",No intrinsic taxonomic coverage: environmental covariates.,terrestrial; spatial extent: global; geography: Global land.,Global land.; Approximately 1 km for core products.,"Modern climatologies, historical time series and future scenarios depending on product.; Daily, monthly or climatological.","Temperature, precipitation, bioclimatic and derived variables.; **records/taxa:** Not consistently reported in the baseline source; verify the current release before quoting a count.",Compiled from the origins described in the resource documentation and lineage note. Downscales reanalysis or climate models using terrain and atmospheric predictors.,"CHELSA portal, EnviDat and tools.; formats: GeoTIFF; NetCDF.; interface: See the official resource documentation for current programmatic interfaces.",Open with citation.; registration: Not reported in the baseline catalogue.,Actively maintained and expanding.,Strong orographic precipitation representation and multiple temporal products.,Downscaling assumptions and inherited reanalysis/GCM biases. Not reported.,"Mountain ecology, SDMs, hydrology and climate exposure.","Foundational high-resolution climate dataset.; evidence: high for official fields, otherwise as stated in the verification note",Karger et al. CHELSA.,retained and standardised; verified 2026-07-14.
Modern climate and environmental data,,ERA5-Land,ERA5-Land,core,,https://cds.climate.copernicus.eu/datasets/reanalysis-era5-land,,High-resolution land reanalysis generated by replaying ERA5 atmospheric forcing.,"derived environmental product, reconstruction, or model output","Historical climate trends, macroecology and long-term covariates.",No intrinsic taxonomic coverage: environmental covariates.,terrestrial; spatial extent: global; geography: Global land except Antarctica.,Global land excluding Antarctica.; 0.5° grid.,1901 to present.; Monthly.,"Temperature, precipitation, cloud, vapour pressure, wet days and derived variables.; **records/taxa:** Not consistently reported in the baseline source; verify the current release before quoting a count.",Compiled from the origins described in the resource documentation and lineage note. Station interpolation; temporal anomalies feed TerraClimate.,CEDA and CRU downloads.; formats: NetCDF; ASCII.; interface: See the official resource documentation for current programmatic interfaces.,Open research use with citation and CEDA terms.; registration: Not reported in the baseline catalogue.,Actively updated.,Long monthly record and station diagnostics.,Coarse grid and sparse-station uncertainty. Not reported.,"Historical climate trends, macroecology and long-term covariates.","Foundational historical climate dataset.; evidence: high for official fields, otherwise as stated in the verification note",Harris et al. CRU TS version 4.,retained and standardised; verified 2026-07-14.
Modern climate and environmental data,,GHCN-D,Global Historical Climatology Network Daily,core,,https://www.ncei.noaa.gov/products/land-based-station/global-historical-climatology-network-daily,,Quality-controlled global archive of daily weather-station observations.,"derived environmental product, reconstruction, or model output","Ecological forecasting, soil moisture, snow, hydrology and heat stress.",No intrinsic taxonomic coverage: environmental covariates.,terrestrial; spatial extent: global; geography: Global land.,Global land.; Approximately 0.1° or 9 km.,1950 to near present.; Hourly and monthly aggregates.,"Meteorology, soil moisture, snow, radiation and surface fluxes.; **records/taxa:** Not consistently reported in the baseline source; verify the current release before quoting a count.",Compiled from the origins described in the resource documentation and lineage note. Derived from ERA5 and upstream of many ecological products.,Copernicus Climate Data Store API and downloads.; formats: NetCDF; GRIB.; interface: See the official resource documentation for current programmatic interfaces.,Copernicus open licence with attribution.; registration: Not reported in the baseline catalogue.,Actively updated.,Physically consistent hourly global record.,"Reanalysis model bias, especially for precipitation, snow and complex terrain. Not reported.","Ecological forecasting, soil moisture, snow, hydrology and heat stress.","Foundational modern reanalysis.; evidence: high for official fields, otherwise as stated in the verification note",Muñoz-Sabater et al. ERA5-Land.,retained and standardised; verified 2026-07-14.
Modern climate and environmental data,,TerraClimate,TerraClimate,core,,https://www.climatologylab.org/terraclimate.html,,Monthly global terrestrial climate and water-balance dataset combining spatial climatology with temporal anomalies.,"derived environmental product, reconstruction, or model output","Climate extremes, phenology, validation and local historical exposure.",No intrinsic taxonomic coverage: environmental covariates.,"mixed or not inherently biological; spatial extent: global; geography: Global, uneven station density.",Global station network.; Point weather stations.,"Nineteenth century to present, varying by station.; Daily.","Temperature, precipitation, snow and other elements.; **records/taxa:** Not consistently reported in the baseline source; verify the current release before quoting a count.",Compiled from the origins described in the resource documentation and lineage note. Primary station observations used to build or evaluate gridded climate products.,"NOAA download, API and cloud mirrors.; formats: Text; CSV.; interface: See the official resource documentation for current programmatic interfaces.",Public NOAA data with citation.; registration: Not reported in the baseline catalogue.,Actively updated.,Direct observations and long records.,"Missingness, station moves and spatial bias require homogenisation. Not reported.","Climate extremes, phenology, validation and local historical exposure.","Core observational archive.; evidence: high for official fields, otherwise as stated in the verification note",Menne et al. GHCN-Daily.,retained and standardised; verified 2026-07-14.
Modern climate and environmental data,,WorldClim,WorldClim,core,worldclim.png,https://www.worldclim.org/,,Global gridded climate surfaces and downscaled future projections widely used in ecology.,"derived environmental product, reconstruction, or model output","Drought, ecological time series, water balance and climate exposure.",No intrinsic taxonomic coverage: environmental covariates.,terrestrial; spatial extent: global; geography: Global land.,Global land.; Approximately 4 km.,1958 to present.; Monthly.,"Temperature, precipitation, evapotranspiration, soil moisture, snow and drought indices.; **records/taxa:** Not consistently reported in the baseline source; verify the current release before quoting a count.",Compiled from the origins described in the resource documentation and lineage note. Combines WorldClim climatology and CRU TS anomalies; water balance is modelled.,"Downloads, THREDDS and cloud services.; formats: NetCDF; GeoTIFF derivatives.; interface: See the official resource documentation for current programmatic interfaces.",Open with citation.; registration: Not reported in the baseline catalogue.,Actively updated.,Long monthly record at ecology-friendly resolution.,Not an independent reanalysis; trends inherit input limitations. Not reported.,"Drought, ecological time series, water balance and climate exposure.","Very widely used ecological climate time series.; evidence: high for official fields, otherwise as stated in the verification note",Abatzoglou et al. TerraClimate.,retained and standardised; verified 2026-07-14.
Paleogeography and plate-tectonic reconstructions,,Cao2017,Cao et al. Phanerozoic paleogeography,core,,https://doi.org/10.1016/j.earscirev.2017.09.001,,Series of global paleogeographic maps showing coastlines and major mountain belts.,"derived environmental product, reconstruction, or model output","SDMs, climate exposure and environmental covariates.",No intrinsic taxonomic coverage: environmental covariates.,terrestrial; spatial extent: global; geography: Global land.,Global land.; 30 arc-second to 10 arc-minute grids.,"Historical climatologies, selected palaeo periods and future scenarios.; Monthly climatology and multi-decadal periods.","Temperature, precipitation, bioclimatic variables and elevation.; **records/taxa:** Not consistently reported in the baseline source; verify the current release before quoting a count.",Compiled from the origins described in the resource documentation and lineage note. Interpolates stations; future layers downscale CMIP models.,Direct download and R tools.; formats: GeoTIFF.; interface: See the official resource documentation for current programmatic interfaces.,Free for research and education; redistribution conditions apply.; registration: Not reported in the baseline catalogue.,Actively maintained and versioned.,"Simple, standard and globally familiar.",Climatologies are not time series and uncertainty is high in data-poor or mountainous regions. Not reported.,"SDMs, climate exposure and environmental covariates.","Foundational ecological climate data.; evidence: high for official fields, otherwise as stated in the verification note",Fick & Hijmans. WorldClim 2.,retained and standardised; verified 2026-07-14.
Paleogeography and plate-tectonic reconstructions,,EarthByte,EarthByte global plate models,core,earthbyte.png,https://www.earthbyte.org/category/resources/data-models/,,"Repository of global plate-rotation, topology and palaeogeographic models distributed for GPlates.","derived environmental product, reconstruction, or model output","Deep-time biogeography, topographic hypotheses and comparative paleogeography.",No intrinsic taxonomic coverage: geological or Earth-system reconstruction.,mixed or not inherently biological; spatial extent: global; geography: Global.,Global.; Global map time slices.,400 Ma to present.; Twenty-four maps at irregular 8–28 Ma spacing.,Paleocoastlines and mountain-belt outlines.; **records/taxa:** Not consistently reported in the baseline source; verify the current release before quoting a count.,Compiled from the origins described in the resource documentation and lineage note. Uses Matthews-style plate models with reference-frame changes around 70 Ma.,Publication supplementary materials.; formats: Maps and GIS-derived products.; interface: See the official resource documentation for current programmatic interfaces.,Publication-associated use with citation.; registration: Not reported in the baseline catalogue.,Static publication dataset.,Provides mountain-belt context absent from many coastline products.,Irregular time spacing and mixed reference frame must be considered. Not reported.,"Deep-time biogeography, topographic hypotheses and comparative paleogeography.","Specialised alternative reconstruction.; evidence: high for official fields, otherwise as stated in the verification note",Cao et al. Phanerozoic paleogeographic reconstructions.,retained and standardised; verified 2026-07-14.
Paleogeography and plate-tectonic reconstructions,,ERDA,EarthRef Digital Archive,core,,https://earthref.org/ERDA/,,"Archive of Earth-science datasets including palaeomagnetic, geochemical and palaeogeographic products.","derived environmental product, reconstruction, or model output","Palaeocoordinates, tectonic boundary conditions and deep-time spatial modelling.",No intrinsic taxonomic coverage: geological or Earth-system reconstruction.,mixed or not inherently biological; spatial extent: global; geography: Global.,Global.; Plate polygons and rotation parameters.,"Model-specific, often 0–1,000 Ma.; Typically 1–10 Ma nodes with interpolation.","Rotation files, plate polygons, coastlines, palaeogeographic rasters and documentation.; **records/taxa:** Not consistently reported in the baseline source; verify the current release before quoting a count.",Compiled from the origins described in the resource documentation and lineage note. Upstream plate models for climate simulations and palaeobiological reconstructions.,"EarthByte data pages, GitHub and GPlates downloads.; formats: ROT; GPML; shapefile; NetCDF.; interface: See the official resource documentation for current programmatic interfaces.",Model-specific open licences and citations.; registration: Not reported in the baseline catalogue.,Actively maintained collection of static releases.,"Open, reproducible and broad temporal coverage.","Models differ in reference frame, topologies and poorly constrained regions. Not reported.","Palaeocoordinates, tectonic boundary conditions and deep-time spatial modelling.","Core model repository.; evidence: high for official fields, otherwise as stated in the verification note","EarthByte model publications including Seton, Matthews and Merdith.",retained and standardised; verified 2026-07-14.
Paleogeography and plate-tectonic reconstructions,,GPlates,GPlates,core,,https://www.gplates.org/,,"Open-source software and data framework for reconstructing plate motions, geological features and rasters through time.","derived environmental product, reconstruction, or model output",Discovery of historical reconstruction datasets and publication-associated Earth data.,No intrinsic taxonomic coverage: geological or Earth-system reconstruction.,mixed or not inherently biological; spatial extent: global; geography: Global and regional.,"Global and regional.; Dataset-specific maps, samples or tables.",Deep time to present.; Dataset-specific.,"Palaeomagnetism, geochemistry, maps and palaeogeographic archives.; **records/taxa:** Not consistently reported in the baseline source; verify the current release before quoting a count.",Compiled from the origins described in the resource documentation and lineage note. Hosts older or publication-linked reconstructions and specialist data.,"Web search and dataset pages.; formats: Images; tables; GIS formats, deposit-dependent.; interface: See the official resource documentation for current programmatic interfaces.",Dataset-specific terms and citations.; registration: Not reported in the baseline catalogue.,Archive maintained; individual records may be historical.,Persistent archive for otherwise obscure geological data.,Heterogeneous documentation and formats; many resources are not modelling-ready. Not reported.,Discovery of historical reconstruction datasets and publication-associated Earth data.,"Important archival repository.; evidence: high for official fields, otherwise as stated in the verification note",EarthRef Digital Archive documentation.,retained and standardised; verified 2026-07-14.
Paleogeography and plate-tectonic reconstructions,,Marcilly2022,Marcilly et al. Phanerozoic paleocoastlines,core,,https://doi.org/10.1016/j.earscirev.2022.104193,,Global paleogeographic reconstruction of paleocoastlines using an updated plate model in a palaeomagnetic frame.,software or access interface,"Paleocoordinates, plate assignment, palaeogeographic animation and tectonic modelling.",No intrinsic taxonomic coverage: geological or Earth-system reconstruction.,mixed or not inherently biological; spatial extent: global; geography: Global.,"Global.; Vector features, rotations and time-dependent rasters.","Model-dependent, commonly 0 to more than 1,000 Ma.; Continuous interpolation between rotation time steps.","Plate rotations, polygons, coastlines, geological features and reconstructed rasters.; **records/taxa:** Not consistently reported in the baseline source; verify the current release before quoting a count.","Compiled from the origins described in the resource documentation and lineage note. Applies EarthByte, PALEOMAP and other models; it is software, not one unique reconstruction.","Desktop software, pygplates, web services and model downloads.; formats: GPML; rotation files; shapefile; NetCDF.; interface: See the official resource documentation for current programmatic interfaces.",Open-source software; reconstruction models have separate licences and citations.; registration: Not reported in the baseline catalogue.,Actively maintained.,"Flexible, reproducible and supports model comparison.",Requires plate IDs and specialist decisions; models and reference frames materially alter results. Not reported.,"Paleocoordinates, plate assignment, palaeogeographic animation and tectonic modelling.","Foundational palaeogeographic software.; evidence: high for official fields, otherwise as stated in the verification note",Müller et al. GPlates: building a virtual Earth through deep time.,retained and standardised; verified 2026-07-14.
Paleogeography and plate-tectonic reconstructions,,Merdith2021,Merdith et al. global reconstruction,core,,https://www.earthbyte.org/webdav/ftp/Data_Collections/Merdith_etal_2021_Gondwana/,,Full-plate global reconstruction spanning the Neoproterozoic and Phanerozoic in a palaeomagnetic reference frame.,"derived environmental product, reconstruction, or model output","Continental area, island connectivity, biogeography and climate boundary conditions.",No intrinsic taxonomic coverage: geological or Earth-system reconstruction.,mixed or not inherently biological; spatial extent: global; geography: Global.,Global.; Global coastline vectors or grids.,540 Ma to present.; Approximately 10 Ma.,"Paleocoastlines, land-sea distribution and plate reconstruction.; **records/taxa:** Not consistently reported in the baseline source; verify the current release before quoting a count.",Compiled from the origins described in the resource documentation and lineage note. Updated from Torsvik and Cocks-style reconstructions and suitable for sensitivity comparison.,Publication repository and supplements.; formats: GIS vectors and grids.; interface: See the official resource documentation for current programmatic interfaces.,Open publication data with citation.; registration: Not reported in the baseline catalogue.,Static publication-associated product.,Full Phanerozoic coastline coverage in a palaeomagnetic reference frame.,Coarse temporal steps and limited explicit topography. Not reported.,"Continental area, island connectivity, biogeography and climate boundary conditions.","Important alternative paleogeography.; evidence: high for official fields, otherwise as stated in the verification note",Marcilly et al. Phanerozoic global paleogeographic maps.,retained and standardised; verified 2026-07-14.
Paleogeography and plate-tectonic reconstructions,,Paleolatitude,Paleolatitude.org,core,,https://paleolatitude.org/,,Web service for reconstructing palaeocoordinates of localities under selectable plate models.,"derived environmental product, reconstruction, or model output","Plate motions, palaeolatitude, supercontinent cycles and climate boundary conditions.",No intrinsic taxonomic coverage: geological or Earth-system reconstruction.,mixed or not inherently biological; spatial extent: global; geography: Global.,Global.; Plate polygons and reconstructable rotations.,"1,000 Ma to present.; Approximately 1 Ma reconstructable steps.","Rotations, topologies and geological boundaries.; **records/taxa:** Not consistently reported in the baseline source; verify the current release before quoting a count.",Compiled from the origins described in the resource documentation and lineage note. Underlying framework for newer palaeogeographic products and sensitivity analyses.,EarthByte/GPlates model release.; formats: ROT; GPML; shapefile.; interface: See the official resource documentation for current programmatic interfaces.,Open model release with citation.; registration: Not reported in the baseline catalogue.,Static published model.,Very long coverage and palaeomagnetic frame suitable for palaeolatitude.,Deep-time plate boundaries and continental interiors remain uncertain; rotations do not provide topography. Not reported.,"Plate motions, palaeolatitude, supercontinent cycles and climate boundary conditions.","Major modern global plate model.; evidence: high for official fields, otherwise as stated in the verification note",Merdith et al. Extending full-plate tectonic models into deep time.,retained and standardised; verified 2026-07-14.
Paleogeography and plate-tectonic reconstructions,,PaleoAtlas,PALEOMAP PaleoAtlas for GPlates,core,,https://www.earthbyte.org/paleomap-paleoatlas-for-gplates/,,Time-dependent raster atlas of global palaeogeographic maps loadable into GPlates.,software or access interface,Bulk correction of fossil and geological site coordinates.,Any georeferenced record with age and plate assignment.,mixed or not inherently biological; spatial extent: global; geography: Global where models apply.,Global.; Input and reconstructed point coordinates.,Model-dependent deep time.; User-specified age.,"Palaeolatitude, palaeolongitude, plate ID and model metadata.; **records/taxa:** Not consistently reported in the baseline source; verify the current release before quoting a count.",Compiled from the origins described in the resource documentation and lineage note. Applies selected GPlates-compatible models; precomputed coordinates should not be mixed across models.,Web interface and bulk tools.; formats: CSV.; interface: See the official resource documentation for current programmatic interfaces.,Free research use with model citation.; registration: Not reported in the baseline catalogue.,Maintenance and supported models should be checked.,Accessible bulk workflow for biologists.,"Results depend on age, plate assignment and reference frame; service availability can vary. Not reported.",Bulk correction of fossil and geological site coordinates.,"Useful specialist tool.; evidence: high for official fields, otherwise as stated in the verification note",Paleolatitude.org documentation and underlying model papers.,retained and standardised; verified 2026-07-14.
Paleogeography and plate-tectonic reconstructions,,PALEOMAP,PALEOMAP Project,core,paleomap.gif,https://www.scotese.com/,,"Long-running project providing plate-tectonic, palaeogeographic, palaeoclimatic and biogeographic reconstructions.","derived environmental product, reconstruction, or model output","Visualisation, palaeolandscape extraction and approximate environmental context.",No intrinsic taxonomic coverage: geological or Earth-system reconstruction.,mixed or not inherently biological; spatial extent: global; geography: Global.,Global.; Global raster maps.,Late Neoproterozoic and Phanerozoic.; Ninety-one discrete maps.,"Topography, bathymetry, land-sea configuration and palaeoenvironment.; **records/taxa:** Not consistently reported in the baseline source; verify the current release before quoting a count.",Compiled from the origins described in the resource documentation and lineage note. Derived from PALEOMAP and distributed through EarthByte.,EarthByte download and GPlates.; formats: Time-dependent raster packages.; interface: See the official resource documentation for current programmatic interfaces.,Research use with PALEOMAP citation.; registration: Not reported in the baseline catalogue.,Static atlas.,Direct GPlates compatibility and long time coverage.,Interpretive snapshots without formal uncertainty ensemble. Not reported.,"Visualisation, palaeolandscape extraction and approximate environmental context.","Widely used palaeogeographic atlas.; evidence: high for official fields, otherwise as stated in the verification note",Scotese. PALEOMAP PaleoAtlas for GPlates.,retained and standardised; verified 2026-07-14.
Geological time scales and stratigraphic databases,,ICC,International Chronostratigraphic Chart,core,,https://stratigraphy.org/chart/,,Official International Commission on Stratigraphy hierarchy and numerical boundary ages for chronostratigraphic and geochronologic units.,"derived environmental product, reconstruction, or model output","Deep-time maps, climate boundary conditions, education and biodiversity simulation.",No intrinsic taxonomic coverage: geological or Earth-system reconstruction.,mixed or not inherently biological; spatial extent: global; geography: Global.,Global.; Global map time slices and rotation models.,Approximately 750 Ma to present across products.; Commonly 5–10 Ma time slices.,"Land-sea masks, topography, bathymetry, plate positions and climate visualisations.; **records/taxa:** Not consistently reported in the baseline source; verify the current release before quoting a count.","Compiled from the origins described in the resource documentation and lineage note. Scotese/Wright maps force BRIDGE, CESM and other palaeoclimate datasets.","Project website, atlases and GPlates-compatible downloads.; formats: Images; grids; GPML; rotations.; interface: See the official resource documentation for current programmatic interfaces.",Mix of open products and specific citation/use terms.; registration: Not reported in the baseline catalogue.,Actively curated with multiple model generations.,Broad Phanerozoic coverage and ecologically interpretable maps.,Some versions change reference frame through time and topography can be schematic. Not reported.,"Deep-time maps, climate boundary conditions, education and biodiversity simulation.","Foundational deep-time mapping project.; evidence: high for official fields, otherwise as stated in the verification note","Scotese and collaborators, PALEOMAP Project.",retained and standardised; verified 2026-07-14.
Geological time scales and stratigraphic databases,,Macrostrat,Macrostrat,core,,https://macrostrat.org/,,"Geological database integrating stratigraphic columns, geologic maps, rock units, ages and fossil links.",official geological time-scale standard,"Standardising geological ages, bins and terminology. Age-bin harmonisation and explicit geological-time versioning.",No intrinsic taxonomic coverage: geological time standard.,not inherently spatial; spatial extent: global standard; geography: Global geological reference,Hierarchical time units and boundary definitions; Eon to stage/substage,Earth history; current chart version 2026-06; Boundary or named-unit level,"Unit names, ranks, numerical ages, GSSP status and semantic relationships; **records/taxa:** Not a record database; the current chart is version 2026-06.","ICS subcommissions, ratified GSSPs and time-scale calibration. Used to standardise intervals in PBDB, Macrostrat, fossil datasets and palaeoclimate products.","PDF/JPG chart, RDF vocabulary and versioned archive; formats: PDF, JPG and RDF/Turtle; interface: Downloadable semantic vocabulary",Official public reference; cite the exact version.; registration: No registration required.,Active; version 2026-06 is current as verified on 14 July 2026.,Official current global geological time standard and machine-readable vocabulary.,"Numerical boundary ages can change; stage names and ratified GSSPs, not rounded Ma values alone, define many units. Do not silently mix ages or interval definitions from different chart versions.",Age-bin harmonisation and explicit geological-time versioning.,established; evidence: high,Cohen et al. The ICS International Chronostratigraphic Chart this decade.,added after deep-search audit; verified 2026-07-14.
Geological time scales and stratigraphic databases,,OneGeology,OneGeology,core,,https://onegeology.org/,,International portal providing interoperable access to geological maps from national surveys.,primary database or curated data infrastructure,"Geological context for fossils, rock-record sampling and stratigraphy.",Earth-system and fossil context.,mixed or not inherently biological; spatial extent: global; geography: Global and regional.,Global with strongest detailed coverage in North America.; Stratigraphic columns and geologic-map polygons.,Precambrian to present.; Rock unit and geological interval.,"Rock units, lithology, age, stratigraphy, maps and fossil links.; **records/taxa:** Not consistently reported in the baseline source; verify the current release before quoting a count.",Compiled from the origins described in the resource documentation and lineage note. Links PBDB occurrences to rock units and integrates national geological maps.,"Web portal, API and GIS downloads.; formats: JSON; CSV; shapefile; map tiles.; interface: See the official resource documentation for current programmatic interfaces.",Open research access with citation.; registration: Not reported in the baseline catalogue.,Actively maintained.,Excellent API and explicit rock-record structure.,Global detail is uneven and correlations remain model-dependent. Not reported.,"Geological context for fossils, rock-record sampling and stratigraphy.","Major integrated geoscience infrastructure.; evidence: high for official fields, otherwise as stated in the verification note",Peters et al. Macrostrat.,retained and standardised; verified 2026-07-14.
Topography and elevation,,ArcticDEM,ArcticDEM,core,,https://www.pgc.umn.edu/data/arcticdem/,,"High-resolution, time-stamped digital surface models and mosaics for the Arctic.",primary database or curated data infrastructure,"Regional geology, substrate mapping and cross-border discovery.",Geological data.,mixed or not inherently biological; spatial extent: global; geography: Participating countries worldwide.,Global network of national/regional maps.; Variable national map scales.,Modern surface geology with mapped ages.; Static services.,"Geologic units, lithology, ages and legends.; **records/taxa:** Not consistently reported in the baseline source; verify the current release before quoting a count.",Compiled from the origins described in the resource documentation and lineage note. Federates national surveys rather than fully harmonising attributes.,Portal and OGC map services.; formats: WMS; WFS; GIS formats where provided.; interface: See the official resource documentation for current programmatic interfaces.,Provider-specific licences.; registration: Not reported in the baseline catalogue.,Active initiative; service reliability varies.,Access to authoritative regional geology.,"Inconsistent schemas, licences, scales and service uptime. Not reported.","Regional geology, substrate mapping and cross-border discovery.","Major geologic discovery infrastructure.; evidence: high for official fields, otherwise as stated in the verification note",OneGeology initiative documentation.,retained and standardised; verified 2026-07-14.
Topography and elevation,,COP-DEM,Copernicus DEM,core,,https://dataspace.copernicus.eu/explore-data/data-collections/copernicus-contributing-missions/collections-description/COP-DEM,,Global digital surface model derived from edited WorldDEM data.,regional high-resolution digital surface model,"Arctic terrain, glacier and landscape-change analyses. Arctic topography and terrain-change context.",No intrinsic taxonomic coverage: surface elevation.,terrestrial and cryosphere; spatial extent: continental or regional; geography: Arctic region,"Stereo-derived DSM strips and mosaics; Typically metres, product-dependent",Primarily twenty-first-century imagery; Acquisition-specific strips and mosaic releases,"Surface elevation, strip metadata and mosaics; **records/taxa:** Raster coverage rather than records; acquisition counts vary.",Commercial satellite stereo imagery processed by the Polar Geospatial Center. A regional DSM rather than a global DEM; can complement Copernicus and REMA.,"Direct download, cloud access and web services; formats: GeoTIFF and metadata; interface: Cloud and web services",Public research access under product terms.; registration: No account for many download routes.,"Active, versioned.",Very high Arctic resolution and time-stamped source strips.,Surface model includes vegetation/structures and temporal mosaics can combine different dates. Do not describe mosaics as a single-date bare-earth DEM.,Arctic topography and terrain-change context.,established; evidence: high,Porter et al. ArcticDEM.,added after deep-search audit; verified 2026-07-14.
Topography and elevation,,FABDEM,FABDEM,core,,https://data.bris.ac.uk/data/dataset/s5hqmjcdj8yo2ibzi9b4ew3sn,,Global 30 m elevation model derived by removing estimated forest and building height biases from Copernicus DEM.,"derived environmental product, reconstruction, or model output","Topographic covariates, orthorectification, hazards and habitat modelling.",No intrinsic taxonomic coverage: terrain or bathymetric variables.,terrestrial; spatial extent: global; geography: Global.,Global land.; 30 m and 90 m public products.,TanDEM-X acquisition-era surface.; Static.,Elevation and quality layers.; **records/taxa:** Not consistently reported in the baseline source; verify the current release before quoting a count.,Compiled from the origins described in the resource documentation and lineage note. Digital surface model includes vegetation and structures; compare with bare-earth products.,Copernicus Data Space.; formats: GeoTIFF.; interface: See the official resource documentation for current programmatic interfaces.,Copernicus open licence with attribution.; registration: Not reported in the baseline catalogue.,Actively distributed; static terrain product.,Near-global consistent high resolution.,Canopy and buildings bias terrain metrics. Not reported.,"Topographic covariates, orthorectification, hazards and habitat modelling.","Major global DEM.; evidence: high for official fields, otherwise as stated in the verification note",Copernicus DEM product documentation.,retained and standardised; verified 2026-07-14.
Topography and elevation,,MERIT DEM,MERIT DEM,core,,http://hydro.iis.u-tokyo.ac.jp/~yamadai/MERIT_DEM/,,"Global elevation model corrected for absolute bias, striping, speckle and tree-height bias.",derived global bare-earth elevation model,"Terrain, hydrology, habitat and exposure analysis requiring a closer approximation to bare earth. Hydrology and ecological terrain where surface objects would bias a DSM.",No intrinsic taxonomic coverage: elevation variables.,terrestrial; spatial extent: global; geography: Global land,Regular raster grid; 30 m,Modern terrain represented by source DEM and correction models; Static versioned release,Elevation and correction products; **records/taxa:** Global gridded product; record counts are not applicable.,Copernicus DEM corrected with machine-learning models and ancillary data. Derived from Copernicus DEM and should not be treated as independent elevation observations.,Repository and cloud downloads; formats: GeoTIFF; interface: Cloud and direct-download access,CC BY-NC-SA 4.0; commercial use is restricted.; registration: Registration may depend on host.,"Static/versioned, maintained by the project.",Near-global 30 m approximation to bare-earth elevation.,"Residual forest/building errors, licence is non-commercial and polar coverage/source limitations apply. Do not use without noting its model-derived corrections and licence.",Hydrology and ecological terrain where surface objects would bias a DSM.,established; evidence: high,Hawker et al. FABDEM.,added after deep-search audit; verified 2026-07-14.
Topography and elevation,,OpenTopography,OpenTopography,core,,https://opentopography.org/,,"Portal providing access, subsetting and processing for global and regional elevation datasets, including lidar and satellite DEMs.","derived environmental product, reconstruction, or model output","Hydrology, terrain analysis and global environmental modelling.",No intrinsic taxonomic coverage: terrain or bathymetric variables.,terrestrial; spatial extent: global; geography: Global land.,"Global land.; 3 arc-second, approximately 90 m.",Static modern terrain.; Static.,Bare-earth-oriented elevation.; **records/taxa:** Not consistently reported in the baseline source; verify the current release before quoting a count.,Compiled from the origins described in the resource documentation and lineage note. Derived from SRTM and AW3D and upstream of MERIT Hydro.,Developer site and cloud repositories.; formats: GeoTIFF.; interface: See the official resource documentation for current programmatic interfaces.,Research use with citation.; registration: Not reported in the baseline catalogue.,Static mature dataset.,Improved hydrological consistency and bias correction.,Ninety-metre resolution and residual errors in steep/high-latitude areas. Not reported.,"Hydrology, terrain analysis and global environmental modelling.","Widely used global DEM.; evidence: high for official fields, otherwise as stated in the verification note",Yamazaki et al. MERIT DEM.,retained and standardised; verified 2026-07-14.
Topography and elevation,,PaleoPhys,Paleo-Physiography Project,core,,https://www.hydroshare.org/resource/bbf65a3ba448456b8a7f2e2bb5e59733/,,"High-resolution global palaeo-physiography, drainage and landscape-evolution outputs.",topographic data portal and processing interface,"Terrain-data discovery, reproducible extraction and derived topographic metrics. Reproducible terrain extraction and processing.",No intrinsic taxonomic coverage: topographic data and services.,"terrestrial; spatial extent: global portal; geography: Worldwide datasets, with regional high-resolution holdings","Dataset catalogue, point clouds and raster DEMs; Dataset-specific, from lidar to global grids",Dataset-specific; Acquisition or product release,"Point clouds, DEMs, hillshades and derived terrain products; **records/taxa:** A portal: counts depend on hosted datasets and jobs.",Federates or hosts source DEMs and lidar collections. Access layer over multiple source DEMs; it should not be cited as the sole origin when a named source product is used.,"Web portal, API and processing tools; formats: GeoTIFF, LAS/LAZ and derived files; interface: Global DEM API and processing services",Dataset-specific licences; API quotas may apply.; registration: Account or API key may be required for programmatic access.,Active.,Unified discovery and computation across topographic products.,"Coverage, resolution and licence vary by hosted source. Do not confuse the portal with a single homogeneous elevation dataset.",Reproducible terrain extraction and processing.,established; evidence: high,OpenTopography platform publications.,added after deep-search audit; verified 2026-07-14.
Topography and elevation,,REMA,Reference Elevation Model of Antarctica,core,,https://www.pgc.umn.edu/data/rema/,,"Continental high-resolution Antarctic surface-elevation mosaics, strips and time-dependent products.","derived environmental product, reconstruction, or model output","Deep-time drainage, erosion, sediment flux, physiographic diversity and eco-evolutionary landscapes.",Earth-system model output.,terrestrial; spatial extent: global; geography: Global.,Global.; 0.05° grids.,"Project goal covers 541 Ma to present; public releases cover specified intervals, including 0–127 Ma.; Release-specific time slices.","Elevation, basins, water and sediment flux, erosion, deposition and morphometrics.; **records/taxa:** Not consistently reported in the baseline source; verify the current release before quoting a count.","Compiled from the origins described in the resource documentation and lineage note. Uses palaeoelevation, palaeoclimate and landscape-evolution modelling rather than static map interpolation.",CUAHSI HydroShare downloads.; formats: NetCDF.; interface: See the official resource documentation for current programmatic interfaces.,Open repository terms with citation.; registration: Not reported in the baseline catalogue.,Versioned research releases.,Adds drainage and geomorphic processes absent from most palaeogeographies.,Model-dependent and public temporal coverage may not yet include every interval. Not reported.,"Deep-time drainage, erosion, sediment flux, physiographic diversity and eco-evolutionary landscapes.","Emerging high-value deep-time product.; evidence: high for official fields, otherwise as stated in the verification note",Salles et al. global palaeogeographic and physiographic reconstructions.,retained and standardised; verified 2026-07-14.
Topography and elevation,,SRTM,Shuttle Radar Topography Mission,core,,https://www.earthdata.nasa.gov/data/instruments/srtm,,Near-global radar-derived digital elevation model.,regional high-resolution digital surface model,"Antarctic terrain, ice dynamics, landscape and habitat context. Antarctic elevation and fine terrain context.",No intrinsic taxonomic coverage: surface elevation.,terrestrial and cryosphere; spatial extent: continental; geography: Antarctica,"Stereo-derived DSM strips and mosaics; 2 m strips and mosaics, with coarser derivatives",Satellite observations from 2009 onward; Acquisition-specific and mosaic releases,"Surface elevation, change products and strip metadata; **records/taxa:** Raster coverage rather than biological records.",Commercial satellite stereo imagery processed by the Polar Geospatial Center. Antarctic counterpart to ArcticDEM; complements lower-resolution global DEMs.,"Direct download, cloud and web services; formats: GeoTIFF and metadata; interface: Cloud access and services",Public research access under product terms.; registration: No account for common access routes.,"Active, versioned.",Continental coverage at exceptionally fine spatial resolution.,DSM rather than bare earth; mosaics combine dates and quality varies with imagery. Do not treat all pixels as simultaneous observations.,Antarctic elevation and fine terrain context.,established; evidence: high,Howat et al. REMA.,added after deep-search audit; verified 2026-07-14.
Bathymetry,,EMODnet,EMODnet Bathymetry,core,,https://emodnet.ec.europa.eu/en/bathymetry,,"Harmonised bathymetric digital terrain model for European seas, with source metadata and higher-resolution local products.","derived environmental product, reconstruction, or model output","Terrain covariates, hydrology, habitat and connectivity.",No intrinsic taxonomic coverage: terrain or bathymetric variables.,terrestrial; spatial extent: global; geography: Near-global land.,"Land between approximately 60°N and 56°S.; 1 arc-second, approximately 30 m.",February 2000 surface representation.; Static.,Elevation and derived terrain variables.; **records/taxa:** Not consistently reported in the baseline source; verify the current release before quoting a count.,Compiled from the origins described in the resource documentation and lineage note. Underlying source for HydroSHEDS and many environmental products.,NASA/USGS and cloud platforms.; formats: GeoTIFF; HGT.; interface: See the official resource documentation for current programmatic interfaces.,Public US government data; attribution requested.; registration: Not reported in the baseline catalogue.,Static mature dataset.,Fine global coverage and strong tool support.,"Surface artefacts, voids and limited polar coverage. Not reported.","Terrain covariates, hydrology, habitat and connectivity.","Foundational DEM.; evidence: high for official fields, otherwise as stated in the verification note",Farr et al. Shuttle Radar Topography Mission.,retained and standardised; verified 2026-07-14.
Bathymetry,,ETOPO,ETOPO Global Relief model,core,etopo.jpg,https://www.ncei.noaa.gov/products/etopo-global-relief-model,,"Integrated global bare-earth topography and bathymetry including land, ocean, lakes and ice-bed surfaces.",regional harmonised bathymetric digital terrain model,"European marine terrain, habitat, planning and ocean modelling. European marine habitat, shelf and seafloor modelling.",No intrinsic taxonomic coverage: bathymetric variables.,"marine; spatial extent: continental or regional; geography: European seas and associated regions, including Caribbean coverage in the 2024 release","Regular bathymetric grid and source/reference layers; 2024 regional DTM at 1/16 arc-minute, about 115 m, with finer source DTMs in places",Modern compiled hydrographic surveys; Versioned multiannual releases,"Bathymetry, source references and quality metadata; **records/taxa:** Not an occurrence database; coverage is gridded.","National hydrographic offices, research surveys and global background sources. Regional synthesis that incorporates national hydrography and global base layers; complements GEBCO and GMRT.","Web viewer, downloads and services; formats: NetCDF, GeoTIFF and OGC services; interface: Web services and map viewer",Open under EMODnet terms with attribution; source restrictions may apply.; registration: No account for standard downloads.,Active; 2024 DTM release verified.,Harmonised European marine coverage and detailed source-quality information.,"Regional, resolution varies by source and coastal data restrictions can affect precision. Do not describe it as a uniform high-resolution global bathymetric product.","European marine habitat, shelf and seafloor modelling.",established; evidence: high,EMODnet Bathymetry consortium documentation.,added after deep-search audit; verified 2026-07-14.
Bathymetry,,GEBCO,GEBCO Grid,core,,https://www.gebco.net/data-products/gridded-bathymetry-data,,Global ocean and land terrain grid from the General Bathymetric Chart of the Oceans.,"derived environmental product, reconstruction, or model output","Global relief, land-ocean interfaces, climate models and hazards.",No intrinsic taxonomic coverage: terrain or bathymetric variables.,"marine, freshwater, terrestrial; spatial extent: global; geography: Global.",Global.; 15 arc-second.,Modern compiled terrain.; Static versioned release.,"Elevation, bathymetry and source-type grids.; **records/taxa:** Not consistently reported in the baseline source; verify the current release before quoting a count.",Compiled from the origins described in the resource documentation and lineage note. Integrates numerous regional and global terrain datasets.,NOAA NCEI downloads and services.; formats: NetCDF; GeoTIFF; grids.; interface: See the official resource documentation for current programmatic interfaces.,Public US government data with citation.; registration: Not reported in the baseline catalogue.,Maintained as a versioned global relief product.,Seamless land-ocean relief and source information.,Resolution is insufficient for local habitat and component quality varies. Not reported.,"Global relief, land-ocean interfaces, climate models and hazards.","Foundational global relief model.; evidence: high for official fields, otherwise as stated in the verification note",MacFerrin et al. ETOPO 2022.,retained and standardised; verified 2026-07-14.
Bathymetry,,GMRT,Global Multi-Resolution Topography,core,,https://www.gmrt.org/,,Multi-resolution global synthesis combining curated ship-based multibeam bathymetry with satellite-derived and terrestrial elevation data.,"derived environmental product, reconstruction, or model output","Marine terrain, depth covariates, ocean models and distributions.",No intrinsic taxonomic coverage: terrain or bathymetric variables.,"marine, terrestrial; spatial extent: global; geography: Global.",Global.; 15 arc-second current annual grid.,Modern compiled bathymetry.; Annual release.,"Bathymetry, land elevation and source-type identifier.; **records/taxa:** Not consistently reported in the baseline source; verify the current release before quoting a count.",Compiled from the origins described in the resource documentation and lineage note. Integrates hydrographic and global sources and underlies marine environmental products.,GEBCO portal and cloud services.; formats: NetCDF; GeoTIFF; ASCII.; interface: See the official resource documentation for current programmatic interfaces.,Free use under GEBCO terms with attribution.; registration: Not reported in the baseline catalogue.,Actively updated annually.,Current global bathymetric standard and source grid.,Sounding density is highly uneven; interpolation can imply false precision. Not reported.,"Marine terrain, depth covariates, ocean models and distributions.","Foundational marine terrain data.; evidence: high for official fields, otherwise as stated in the verification note",GEBCO Compilation Group annual grid.,retained and standardised; verified 2026-07-14.
Bathymetry,,SRTM15+,SRTM15+,core,,https://topex.ucsd.edu/WWW_html/srtm15_plus.html,,"Global 15 arc-second grid combining predicted seafloor topography, ship soundings and terrestrial elevation.",continuously updated bathymetry and elevation synthesis,"Marine terrain, tectonics, habitat modelling and custom grid extraction. Marine terrain where available multibeam detail matters.",No intrinsic taxonomic coverage: bathymetric and topographic variables.,marine and terrestrial; spatial extent: global; geography: Worldwide,Multi-resolution raster synthesis and source swaths; Resolution varies by source and requested grid,Modern compiled surveys; continuously updated; Survey and release dependent,"Bathymetry, elevation, multibeam swaths and source metadata; **records/taxa:** Version 4.3.1 was released in April 2025; curated swath coverage is dynamic.","Research cruises, multibeam surveys, satellite altimetry and terrestrial DEMs. Integrates high-resolution contributed swaths over lower-resolution global bases; overlaps GEBCO and SRTM15+ in background data.","Web MapTool, grid extraction and services; formats: GeoTIFF, NetCDF and grids; interface: Web services and grid-extraction tools",Free research use with citation and source acknowledgement.; registration: No account for standard access.,Active and continuously updated.,Retains high-resolution surveyed bathymetry and allows custom extraction.,Highly heterogeneous resolution and ocean-floor survey density; version and source layers must be documented. Do not report a single nominal global resolution for all GMRT cells.,Marine terrain where available multibeam detail matters.,established; evidence: high,Ryan et al. Global Multi-Resolution Topography synthesis.,added after deep-search audit; verified 2026-07-14.
Bathymetry,,Straume,Straume et al. Cenozoic palaeobathymetry,core,,https://www.earthbyte.org/paleobathymetry-models/,,One-million-year global Cenozoic palaeobathymetry and topography reconstruction.,global bathymetry and topography grid,"Global seafloor covariates, tectonics and coarse marine habitat modelling. Global coarse seafloor covariates and reproducible marine grids.",No intrinsic taxonomic coverage: bathymetric and elevation variables.,marine and terrestrial; spatial extent: global; geography: Worldwide,Regular raster grid; 15 arc-second,Modern compiled surveys and satellite predictions; Versioned static release,Bathymetry and topography; **records/taxa:** Current official pages reference version 2.7; the displayed release date differs between project pages and should be recorded with the downloaded file.,"Satellite altimetry, ship soundings and terrestrial elevation products. Underlying or background source for several marine products and comparable to GEBCO/ETOPO.",Direct grid download; formats: NetCDF and grid formats; interface: Direct download,Open research use with citation.; registration: No registration required.,"Active versioned product; version 2.7 current, release-date metadata inconsistent across official pages.","Compact, global and convenient 15-arc-second grid.",Most ocean floor remains predicted rather than directly surveyed; official release-date inconsistency requires transparent version reporting. Do not interpret predicted seafloor cells as measured multibeam bathymetry.,Global coarse seafloor covariates and reproducible marine grids.,established; evidence: high,Tozer et al. Global bathymetry and topography at 15 arc seconds.,added after deep-search audit; verified 2026-07-14.
Hydrology and drainage networks,,GLWD,Global Lakes and Wetlands Database,core,,https://www.worldwildlife.org/pages/global-lakes-and-wetlands-database,,"Global inventory of lakes, reservoirs, rivers and wetlands assembled from multiple maps.","derived environmental product, reconstruction, or model output","Ocean gateways, climate modelling, marine biogeography and connectivity.",No intrinsic taxonomic coverage: geological or Earth-system reconstruction.,marine; spatial extent: global; geography: Global.,Global.; Global raster grids.,66 Ma to present.; 1 Ma.,"Topography, bathymetry and land-sea masks.; **records/taxa:** Not consistently reported in the baseline source; verify the current release before quoting a count.",Compiled from the origins described in the resource documentation and lineage note. Uses updated global plate motions in a palaeomagnetic framework.,EarthByte and publication repository.; formats: NetCDF and raster grids.; interface: See the official resource documentation for current programmatic interfaces.,Open with citation.; registration: Not reported in the baseline catalogue.,Static published reconstruction.,High temporal resolution for Cenozoic land-sea change.,Modelled topography remains uncertain and scope is Cenozoic only. Not reported.,"Ocean gateways, climate modelling, marine biogeography and connectivity.","Major Cenozoic resource.; evidence: high for official fields, otherwise as stated in the verification note",Straume et al. Cenozoic palaeobathymetry.,retained and standardised; verified 2026-07-14.
Hydrology and drainage networks,,GRanD,Global Reservoir and Dam Database,core,,https://www.globaldamwatch.org/grand/,,Georeferenced global database of large dams and reservoirs with attributes.,"derived environmental product, reconstruction, or model output","Wetland extent, freshwater habitat and global hydrology.",No intrinsic taxonomic coverage: environmental covariates.,"freshwater, terrestrial; spatial extent: global; geography: Global.",Global inland waters.; Polygons and raster classes at multiple scales.,Static late-twentieth-century synthesis.; Static.,"Lakes, reservoirs, rivers, marshes and wetland classes.; **records/taxa:** Not consistently reported in the baseline source; verify the current release before quoting a count.",Compiled from the origins described in the resource documentation and lineage note. Predecessor/complement to HydroLAKES and JRC water products.,WWF/HydroSHEDS-associated downloads and mirrors.; formats: Shapefile; raster.; interface: See the official resource documentation for current programmatic interfaces.,Research use with citation; distribution terms vary.; registration: Not reported in the baseline catalogue.,Static legacy product.,Broad wetland classes beyond open water.,"Outdated sources, coarse classes and uncertain current download maintenance. Not reported.","Wetland extent, freshwater habitat and global hydrology.","Classic global wetland dataset.; evidence: high for official fields, otherwise as stated in the verification note",Lehner & Döll. GLWD.,retained and standardised; verified 2026-07-14.
Hydrology and drainage networks,,GRDC,Global Runoff Data Centre,core,,https://www.bafg.de/GRDC/EN/Home/homepage_node.html,,International archive of river-discharge observations supplied by national hydrological services.,"derived environmental product, reconstruction, or model output","River fragmentation, hydropower and freshwater impact analyses.",Infrastructure and hydrological data.,mixed or not inherently biological; spatial extent: global; geography: Global.,Global.; Dam points and reservoir polygons.,Mostly twentieth and twenty-first century.; Construction year and static release.,"Location, year, reservoir area, capacity, purpose and catchment.; **records/taxa:** Not consistently reported in the baseline source; verify the current release before quoting a count.",Compiled from the origins described in the resource documentation and lineage note. Used by HydroATLAS and fragmentation studies.,Global Dam Watch or GRanD downloads.; formats: Shapefile; tables.; interface: See the official resource documentation for current programmatic interfaces.,Research use with citation; current distribution terms apply.; registration: Not reported in the baseline catalogue.,Versioned and connected to Global Dam Watch.,Consistent global large-dam inventory.,Small dams and recent changes incomplete; some attributes uncertain. Not reported.,"River fragmentation, hydropower and freshwater impact analyses.","Core global infrastructure-pressure dataset.; evidence: high for official fields, otherwise as stated in the verification note",Lehner et al. GRanD.,retained and standardised; verified 2026-07-14.
Hydrology and drainage networks,,HydroATLAS,HydroATLAS,core,,https://www.hydrosheds.org/hydroatlas,,"Compendium of hydro-environmental attributes for sub-basins, river reaches and lakes.","derived environmental product, reconstruction, or model output","Flow regimes, freshwater habitat, climate impacts and model validation.",No intrinsic taxonomic coverage: environmental covariates.,"freshwater; spatial extent: global; geography: Global, uneven.",Global river gauges.; Point gauges and catchments.,"Records vary, commonly decades within twentieth and twenty-first centuries.; Daily or monthly.",River discharge and station metadata.; **records/taxa:** Not consistently reported in the baseline source; verify the current release before quoting a count.,Compiled from the origins described in the resource documentation and lineage note. Primary observations used to validate global hydrological products.,Data request and portal.; formats: Text; CSV.; interface: See the official resource documentation for current programmatic interfaces.,National-provider restrictions and often no redistribution.; registration: Not reported in the baseline catalogue.,Actively maintained.,Authoritative in-situ discharge archive.,"Restricted access, missingness and geographic bias. Not reported.","Flow regimes, freshwater habitat, climate impacts and model validation.","Core but access-limited archive.; evidence: high for official fields, otherwise as stated in the verification note",GRDC documentation and data papers.,retained and standardised; verified 2026-07-14.
Hydrology and drainage networks,,HydroBASINS,HydroBASINS,core,,https://www.hydrosheds.org/products/hydrobasins,,Nested global watershed and sub-basin polygons within the HydroSHEDS framework.,"derived environmental product, reconstruction, or model output","Freshwater biodiversity models, catchment pressure and comparative hydrology.",No intrinsic taxonomic coverage: environmental covariates.,freshwater; spatial extent: global; geography: Global.,"Global freshwater systems.; BasinATLAS polygons, RiverATLAS lines and LakeATLAS polygons.",Predominantly modern or long-term climatological attributes.; Static attributes and period summaries.,"Climate, land cover, soils, geology, hydrology, population and infrastructure.; **records/taxa:** Not consistently reported in the baseline source; verify the current release before quoting a count.",Compiled from the origins described in the resource documentation and lineage note. Derived from HydroBASINS/RIVERS/LAKES plus dozens of environmental sources.,HydroSHEDS downloads.; formats: Shapefile; geodatabase.; interface: See the official resource documentation for current programmatic interfaces.,Free research use with citation and source-data terms.; registration: Not reported in the baseline catalogue.,Maintained versioned product.,Ready-made catchment covariates and consistent identifiers.,Derived variables inherit upstream uncertainty and can become outdated. Not reported.,"Freshwater biodiversity models, catchment pressure and comparative hydrology.","Core integrated freshwater product.; evidence: high for official fields, otherwise as stated in the verification note",Linke et al. HydroATLAS.,retained and standardised; verified 2026-07-14.
Hydrology and drainage networks,,HydroLAKES,HydroLAKES,core,,https://www.hydrosheds.org/products/hydrolakes,,Global polygon inventory of lakes and reservoirs with geometric and hydrological attributes.,"derived environmental product, reconstruction, or model output","Basin summaries, freshwater biogeography and spatial joins.",No intrinsic taxonomic coverage: environmental covariates.,mixed or not inherently biological; spatial extent: global; geography: Global.,Global drainage.; Twelve nested levels.,Static modern hydrography.; Static.,"Catchment polygons, topology and identifiers.; **records/taxa:** Not consistently reported in the baseline source; verify the current release before quoting a count.",Compiled from the origins described in the resource documentation and lineage note. Derived from HydroSHEDS and used by HydroATLAS.,HydroSHEDS downloads.; formats: Shapefile; geodatabase.; interface: See the official resource documentation for current programmatic interfaces.,Free research use under HydroSHEDS terms.; registration: Not reported in the baseline catalogue.,Maintained static product.,Hierarchical identifiers and easy aggregation.,Boundaries inherit DEM errors and may differ from national data. Not reported.,"Basin summaries, freshwater biogeography and spatial joins.","Core basin framework.; evidence: high for official fields, otherwise as stated in the verification note",Lehner & Grill. Global river hydrography.,retained and standardised; verified 2026-07-14.
Hydrology and drainage networks,,HydroSHEDS,HydroSHEDS,core,,https://www.hydrosheds.org/products,,"Global hydrologically conditioned elevation, flow direction and accumulation data family.","derived environmental product, reconstruction, or model output","Lake biodiversity, connectivity and limnology.",No intrinsic taxonomic coverage: environmental covariates.,"freshwater, terrestrial; spatial extent: global; geography: Global.",Global inland waters.; Approximately 1.4 million lake and reservoir polygons.,Static modern inventory.; Static.,"Boundaries, area, shoreline, depth, volume, residence time and catchment.; **records/taxa:** Not consistently reported in the baseline source; verify the current release before quoting a count.",Compiled from the origins described in the resource documentation and lineage note. Uses remote sensing and HydroSHEDS; feeds LakeATLAS.,HydroSHEDS downloads.; formats: Shapefile; geodatabase.; interface: See the official resource documentation for current programmatic interfaces.,Free research use with citation.; registration: Not reported in the baseline catalogue.,Maintained static product.,Large consistent global inventory and useful morphometry.,Small lakes omitted and depth/volume often estimated. Not reported.,"Lake biodiversity, connectivity and limnology.","Foundational global lake dataset.; evidence: high for official fields, otherwise as stated in the verification note",Messager et al. HydroLAKES.,retained and standardised; verified 2026-07-14.
Hydrology and drainage networks,,GSW,JRC Global Surface Water,core,,https://global-surface-water.appspot.com/,,"Landsat-derived maps of surface-water occurrence, seasonality and long-term change.","derived environmental product, reconstruction, or model output","Catchments, river networks, freshwater connectivity and ecological modelling.",No intrinsic taxonomic coverage: environmental covariates.,terrestrial; spatial extent: global; geography: Global with original high-latitude limitations.,"Near-global land.; 3, 15 and 30 arc-second products.",Static modern terrain.; Static.,"DEM, flow direction, accumulation, basins and rivers.; **records/taxa:** Not consistently reported in the baseline source; verify the current release before quoting a count.","Compiled from the origins described in the resource documentation and lineage note. Derived from SRTM and upstream of HydroBASINS, HydroRIVERS, HydroLAKES and HydroATLAS.",HydroSHEDS portal and GIS downloads.; formats: GeoTIFF; shapefile.; interface: See the official resource documentation for current programmatic interfaces.,Free research use under HydroSHEDS terms.; registration: Not reported in the baseline catalogue.,Maintained product family.,Interoperable global freshwater framework.,Static networks and SRTM limitations; engineered/intermittent channels imperfect. Not reported.,"Catchments, river networks, freshwater connectivity and ecological modelling.","Foundational hydrography.; evidence: high for official fields, otherwise as stated in the verification note",Lehner et al. HydroSHEDS.,retained and standardised; verified 2026-07-14.
Hydrology and drainage networks,,MERIT Hydro,MERIT Hydro,core,,http://hydro.iis.u-tokyo.ac.jp/~yamadai/MERIT_Hydro/,,"High-resolution global flow direction, accumulation, river width and hydrography.","derived environmental product, reconstruction, or model output","Wetland and river change, freshwater habitat and hydrological exposure.",No intrinsic taxonomic coverage: environmental covariates.,terrestrial; spatial extent: global; geography: Global.,Global.; 30 m.,"1984 to present, version-dependent.; Monthly observations and summary layers.","Occurrence, seasonality, recurrence, transitions and maximum extent.; **records/taxa:** Not consistently reported in the baseline source; verify the current release before quoting a count.",Compiled from the origins described in the resource documentation and lineage note. Derived from Landsat and used in hydrography products.,"Explorer, downloads and Earth Engine.; formats: GeoTIFF and cloud imagery.; interface: See the official resource documentation for current programmatic interfaces.",Copernicus/JRC open-data terms with attribution.; registration: Not reported in the baseline catalogue.,Actively updated by versions.,Fine-resolution long-term water dynamics.,"Cloud, vegetation and narrow-channel limitations; water is not ecological wetland condition. Not reported.","Wetland and river change, freshwater habitat and hydrological exposure.","Foundational water-change product.; evidence: high for official fields, otherwise as stated in the verification note",Pekel et al. Global Surface Water.,retained and standardised; verified 2026-07-14.
"Soils, geology, lithology, and substrate",,GLHYMPS,GLobal HYdrogeology MaPS,core,,https://doi.org/10.5683/SP2/DLGXYO,,Global permeability and porosity maps derived from lithology and hydrogeological information.,"derived environmental product, reconstruction, or model output","Hydrological routing, floods and fine-scale freshwater connectivity.",No intrinsic taxonomic coverage: environmental covariates.,"freshwater, terrestrial; spatial extent: global; geography: Global.","Global land.; 3 arc-second, approximately 90 m.",Static modern hydrography.; Static.,"Elevation, flow direction, drainage area and river width.; **records/taxa:** Not consistently reported in the baseline source; verify the current release before quoting a count.","Compiled from the origins described in the resource documentation and lineage note. Derived from MERIT DEM, water maps and OpenStreetMap.",Developer site and cloud platforms.; formats: GeoTIFF.; interface: See the official resource documentation for current programmatic interfaces.,Research use with citation.; registration: Not reported in the baseline catalogue.,Static mature dataset.,Fine global grid and improved river placement.,Still imperfect in flat terrain and engineered systems. Not reported.,"Hydrological routing, floods and fine-scale freshwater connectivity.","Major high-resolution hydrography.; evidence: high for official fields, otherwise as stated in the verification note",Yamazaki et al. MERIT Hydro.,retained and standardised; verified 2026-07-14.
"Soils, geology, lithology, and substrate",,GLiM,Global Lithological Map,core,,https://doi.pangaea.de/10.1594/PANGAEA.788537,,Global vector map of surface lithology harmonised into standard rock classes.,"derived environmental product, reconstruction, or model output","Groundwater ecology, baseflow, wetlands and hydrological covariates.",Environmental hydrogeology.,terrestrial; spatial extent: global; geography: Global.,Global land.; Approximately 1 km or vector units by version.,Static modern substrate representation.; Static.,"Permeability, porosity and hydrogeological classes.; **records/taxa:** Not consistently reported in the baseline source; verify the current release before quoting a count.",Compiled from the origins described in the resource documentation and lineage note. Derived partly from GLiM and regional hydrogeological maps.,Publication repository.; formats: GeoTIFF; shapefile.; interface: See the official resource documentation for current programmatic interfaces.,Open research use with citation.; registration: Not reported in the baseline catalogue.,Static versioned dataset.,Globally consistent groundwater-relevant variables.,Large uncertainty and coarse representation of fractured or karst aquifers. Not reported.,"Groundwater ecology, baseflow, wetlands and hydrological covariates.","Widely used specialised substrate data.; evidence: high for official fields, otherwise as stated in the verification note",Gleeson et al. GLHYMPS.,retained and standardised; verified 2026-07-14.
"Soils, geology, lithology, and substrate",,HWSD,Harmonized World Soil Database v2,core,,https://www.fao.org/soils-portal/data-hub/soil-maps-and-databases/harmonized-world-soil-database-v20/en/,,Global raster soil inventory linking mapping units to harmonised physical and chemical attributes.,"derived environmental product, reconstruction, or model output","Substrate controls on biodiversity, weathering, soils and hydrology.",Geological data.,terrestrial; spatial extent: global; geography: Global.,Global land.; Vector polygons at variable source scales.,Modern exposed surface geology.; Static.,"Lithological classes, rock properties and polygons.; **records/taxa:** Not consistently reported in the baseline source; verify the current release before quoting a count.",Compiled from the origins described in the resource documentation and lineage note. Synthesises regional geological maps and feeds HydroATLAS and weathering models.,PANGAEA download.; formats: Shapefile.; interface: See the official resource documentation for current programmatic interfaces.,Open research use with citation.; registration: Not reported in the baseline catalogue.,Static widely used product.,Global standardised lithology and interpretable classes.,Variable source resolution and simplified surficial geology. Not reported.,"Substrate controls on biodiversity, weathering, soils and hydrology.","Foundational global lithology dataset.; evidence: high for official fields, otherwise as stated in the verification note",Hartmann & Moosdorf. GLiM.,retained and standardised; verified 2026-07-14.
"Soils, geology, lithology, and substrate",,OneDZ,OneDZ detrital zircon database,core,,https://essd.copernicus.org/articles/18/3671/2026/,,Very large global compilation of detrital zircon U-Pb and Lu-Hf records extracted from publications.,"derived environmental product, reconstruction, or model output","Global agroecology, legacy models and broad soil covariates.",Environmental soil data.,terrestrial; spatial extent: global; geography: Global.,Global land.; Approximately 1 km.,Contemporary or legacy soil surveys.; Static version.,"Soil units, texture, carbon, pH, depth and other attributes.; **records/taxa:** Not consistently reported in the baseline source; verify the current release before quoting a count.",Compiled from the origins described in the resource documentation and lineage note. Harmonises national and regional soil maps; independent from SoilGrids.,FAO and IIASA downloads and viewer.; formats: Raster plus relational tables.; interface: See the official resource documentation for current programmatic interfaces.,FAO/IIASA terms; free research use with citation.; registration: Not reported in the baseline catalogue.,Versioned product; v2 released in 2023.,Broad attributes and continuity with legacy models.,Coarse units and heterogeneous source dates; less suitable for fine-scale prediction. Not reported.,"Global agroecology, legacy models and broad soil covariates.","Major legacy global soil product.; evidence: high for official fields, otherwise as stated in the verification note",FAO and IIASA. HWSD v2.,retained and standardised; verified 2026-07-14.
"Soils, geology, lithology, and substrate",,SoilGrids,SoilGrids,core,,https://isric.org/explore/soilgrids,,Machine-learning global predictions of soil properties at standard depths with uncertainty.,"derived environmental product, reconstruction, or model output","Provenance, crustal evolution, sediment routing and geological context.",Detrital zircon measurements.,"mixed or not inherently biological; spatial extent: global; geography: Global, publication-dependent.","Global geological samples.; Grain, sample and publication records.",Archean to present depositional and crystallisation ages.; Individual grain and sample.,"U-Pb ages, Lu-Hf isotopes, locations, samples and references.; **records/taxa:** Not consistently reported in the baseline source; verify the current release before quoting a count.",Compiled from the origins described in the resource documentation and lineage note. AI-assisted extraction from a very large publication corpus.,Project database and publication data.; formats: CSV or database exports.; interface: See the official resource documentation for current programmatic interfaces.,Research use with citation; verify current download conditions.; registration: Not reported in the baseline catalogue.,New 2026 active database.,Unprecedented volume and global geoscience coverage.,Not a biodiversity dataset directly; publication extraction and geological assignment require quality control. Not reported.,"Provenance, crustal evolution, sediment routing and geological context.","Emerging specialist Earth-data resource.; evidence: high for official fields, otherwise as stated in the verification note",Li et al. OneDZ global detrital zircon database.,retained and standardised; verified 2026-07-14.
"Soils, geology, lithology, and substrate",,WoSIS,World Soil Information Service,core,,https://www.isric.org/explore/wosis,,Quality-assessed global database of georeferenced soil-profile observations.,"derived environmental product, reconstruction, or model output","SDMs, ecosystem modelling, agriculture and soil biodiversity.",Environmental soil data.,terrestrial; spatial extent: global; geography: Global land.,Global land.; 250 m.,Contemporary conditions represented by compiled profiles and covariates.; Static versioned maps at multiple depths.,"Organic carbon, pH, texture, bulk density, nitrogen, CEC and uncertainty.; **records/taxa:** Not consistently reported in the baseline source; verify the current release before quoting a count.","Compiled from the origins described in the resource documentation and lineage note. Models WoSIS profiles using climate, terrain, vegetation, geology and hydrology.","ISRIC portal, WebDAV, APIs and cloud platforms.; formats: GeoTIFF and map services.; interface: See the official resource documentation for current programmatic interfaces.",CC BY 4.0.; registration: Not reported in the baseline catalogue.,Actively maintained and versioned.,Global fine-grid properties with uncertainty layers.,Predictions rather than observations; high uncertainty in data-poor regions and depths. Not reported.,"SDMs, ecosystem modelling, agriculture and soil biodiversity.","Foundational global soil product.; evidence: high for official fields, otherwise as stated in the verification note",Poggio et al. SoilGrids 2.0.,retained and standardised; verified 2026-07-14.
"Land cover, vegetation, habitats, and biomes",,Dynamic World,Dynamic World,core,,https://dynamicworld.app/,,Near-real-time probabilistic 10 m global land-cover product from Sentinel-2.,"derived environmental product, reconstruction, or model output","Soil model training, validation and direct profile analysis.",Environmental soil data.,"terrestrial; spatial extent: global; geography: Global, uneven.",Global land.; Point profiles and sampled horizons.,Historical and modern soil surveys.; Profile and horizon measurement.,"Laboratory and field properties, profiles and methods.; **records/taxa:** Not consistently reported in the baseline source; verify the current release before quoting a count.",Compiled from the origins described in the resource documentation and lineage note. Primary observations used to train SoilGrids.,ISRIC snapshots and services.; formats: CSV; WFS; database extracts.; interface: See the official resource documentation for current programmatic interfaces.,Provider and snapshot-specific terms; attribution required.; registration: Not reported in the baseline catalogue.,Actively maintained with snapshots.,Standardised profiles and method metadata.,"Spatial bias, variable depth coverage and source heterogeneity. Not reported.","Soil model training, validation and direct profile analysis.","Core global soil observations.; evidence: high for official fields, otherwise as stated in the verification note",Batjes et al. WoSIS.,retained and standardised; verified 2026-07-14.
"Land cover, vegetation, habitats, and biomes",,WorldCover,ESA WorldCover,core,,https://esa-worldcover.org/en,,Global 10 m land-cover maps for 2020 and 2021 from Sentinel-1 and Sentinel-2.,"derived environmental product, reconstruction, or model output","Rapid land-cover change, habitat dynamics and uncertainty-aware classification.",Environmental land-cover data.,terrestrial; spatial extent: global; geography: Global.,Global land.; 10 m.,"2015 to near present.; Per Sentinel-2 image, with compositing.",Class probabilities and most-likely class.; **records/taxa:** Not consistently reported in the baseline source; verify the current release before quoting a count.,Compiled from the origins described in the resource documentation and lineage note. Uses Sentinel-2 and machine learning; can be cross-checked with WorldCover.,Google Earth Engine and public datasets.; formats: Cloud imagery and GeoTIFF exports.; interface: See the official resource documentation for current programmatic interfaces.,CC BY 4.0.; registration: Not reported in the baseline catalogue.,Actively updated.,Dense temporal coverage and class probabilities.,"Cloud gaps, domain shift and class confusion require compositing. Not reported.","Rapid land-cover change, habitat dynamics and uncertainty-aware classification.","Major near-real-time product.; evidence: high for official fields, otherwise as stated in the verification note",Brown et al. Dynamic World.,retained and standardised; verified 2026-07-14.
"Land cover, vegetation, habitats, and biomes",,GFC/Hansen,Global Forest Change,core,,https://glad.earthengine.app/view/global-forest-change,,Global 30 m tree cover and annual forest-loss products derived from Landsat.,"derived environmental product, reconstruction, or model output","Current habitat covariates, landscape metrics and validation.",Environmental land-cover data.,terrestrial; spatial extent: global; geography: Global.,Global land.; 10 m.,2020 and 2021.; Annual snapshot.,Eleven categorical land-cover classes.; **records/taxa:** Not consistently reported in the baseline source; verify the current release before quoting a count.,Compiled from the origins described in the resource documentation and lineage note. Derived from Sentinel imagery and used in pressure and habitat products.,ESA portal and cloud platforms.; formats: GeoTIFF.; interface: See the official resource documentation for current programmatic interfaces.,CC BY 4.0.; registration: Not reported in the baseline catalogue.,Static annual products; portal maintained.,"Fine global resolution, open licence and validation.",Only two years; broad classes and mosaic/wetland errors. Not reported.,"Current habitat covariates, landscape metrics and validation.","Core global land-cover product.; evidence: high for official fields, otherwise as stated in the verification note",Zanaga et al. ESA WorldCover documentation.,retained and standardised; verified 2026-07-14.
"Land cover, vegetation, habitats, and biomes",,GFMT,Global Map of Forest Types,core,,https://data.apps.fao.org/catalog/dataset/global-map-of-forest-types-2020,,"Global map distinguishing naturally regenerating forests, planted forests and plantation types.","derived environmental product, reconstruction, or model output","Deforestation, habitat loss, protected areas and fragmentation.",Woody vegetation cover.,terrestrial; spatial extent: global; geography: Global.,Global land.; 30 m.,Baseline 2000 with annual loss updates.; Annual loss year.,"Tree-cover percentage, loss year, gain and masks.; **records/taxa:** Not consistently reported in the baseline source; verify the current release before quoting a count.",Compiled from the origins described in the resource documentation and lineage note. Uses Landsat and feeds habitat and pressure analyses.,"Global Forest Watch, Earth Engine and downloads.; formats: GeoTIFF and cloud imagery.; interface: See the official resource documentation for current programmatic interfaces.",Open with attribution; current terms should be checked.; registration: Not reported in the baseline catalogue.,Actively updated.,"Fine, annual and globally consistent forest-change detection.",Tree-cover loss is not identical to natural-forest loss or deforestation. Not reported.,"Deforestation, habitat loss, protected areas and fragmentation.","Foundational forest-change product.; evidence: high for official fields, otherwise as stated in the verification note",Hansen et al. Global forest cover change.,retained and standardised; verified 2026-07-14.
"Land cover, vegetation, habitats, and biomes",,HYDE,History Database of the Global Environment,core,,https://www.pbl.nl/en/image/research-projects/hyde,,"Long-term gridded reconstructions of population, cropland, grazing and built-up land.","derived environmental product, reconstruction, or model output","Natural-forest habitat, restoration baselines and forest-pressure analyses.",Forest ecosystems.,terrestrial; spatial extent: global; geography: Global.,"Global land.; Product-specific, fine global grids.",Recent baseline around 2020.; Static.,Forest type and management-origin classes.; **records/taxa:** Not consistently reported in the baseline source; verify the current release before quoting a count.,Compiled from the origins described in the resource documentation and lineage note. Complements tree-cover maps by distinguishing forest origins.,FAO data portal and cloud platforms.; formats: GeoTIFF.; interface: See the official resource documentation for current programmatic interfaces.,Open FAO data with attribution.; registration: Not reported in the baseline catalogue.,Recent versioned product.,More ecologically meaningful than generic tree cover.,Classification uncertainty and little historical depth. Not reported.,"Natural-forest habitat, restoration baselines and forest-pressure analyses.","Emerging global forest-habitat product.; evidence: high for official fields, otherwise as stated in the verification note",FAO Global Forest Resources Assessment remote-sensing products.,retained and standardised; verified 2026-07-14.
"Land cover, vegetation, habitats, and biomes",,GET,IUCN Global Ecosystem Typology,core,,https://global-ecosystems.org/,,"Hierarchical classification of terrestrial, freshwater, marine and subterranean ecosystem types.","derived environmental product, reconstruction, or model output","Historical human pressure, land-use forcing and archaeological-ecological context.",Human and land-use data.,terrestrial; spatial extent: global; geography: Global.,Global land.; Common products at 5 arc-minute and coarser.,"10,000 BCE to present, with scenario extensions by version.; Centennial to decadal historically; finer recently.","Population, cropland, pasture, urban and land-use variables.; **records/taxa:** Not consistently reported in the baseline source; verify the current release before quoting a count.",Compiled from the origins described in the resource documentation and lineage note. Historical source for LUH2 and many pressure analyses.,PBL portal and publication supplements.; formats: ASCII; NetCDF; grids.; interface: See the official resource documentation for current programmatic interfaces.,Open research use with citation.; registration: Not reported in the baseline catalogue.,Periodically updated.,Exceptional millennial historical coverage.,Model-based allocation and high uncertainty before censuses; versions differ. Not reported.,"Historical human pressure, land-use forcing and archaeological-ecological context.","Foundational historical land-use reconstruction.; evidence: high for official fields, otherwise as stated in the verification note",Klein Goldewijk et al. HYDE.,retained and standardised; verified 2026-07-14.
"Land cover, vegetation, habitats, and biomes",,LUH2,Land-Use Harmonization 2,core,,https://luh.umd.edu/,,Historical and future global gridded land-use states and transitions harmonised for CMIP6.,"derived environmental product, reconstruction, or model output","Ecosystem assessment, cross-realm comparison and conservation reporting.",Ecosystem types rather than organismal taxa.,"marine, freshwater, terrestrial, subterranean; spatial extent: global; geography: Global.",Global across realms.; Classification units and emerging mapped products.,Contemporary ecosystem concepts.; Versioned typology.,"Hierarchy, descriptions, drivers and ecosystem functional groups.; **records/taxa:** Not consistently reported in the baseline source; verify the current release before quoting a count.",Compiled from the origins described in the resource documentation and lineage note. Supports Red List of Ecosystems and integrates realm-specific classifications.,IUCN documentation and spatial products where available.; formats: PDF; tables; GIS.; interface: See the official resource documentation for current programmatic interfaces.,IUCN use conditions and citation.; registration: Not reported in the baseline catalogue.,Actively developed.,Cross-realm functional hierarchy and conservation relevance.,Global maps remain incomplete and may not align with local systems. Not reported.,"Ecosystem assessment, cross-realm comparison and conservation reporting.","Emerging global ecosystem standard.; evidence: high for official fields, otherwise as stated in the verification note",Keith et al. IUCN Global Ecosystem Typology.,retained and standardised; verified 2026-07-14.
"Land cover, vegetation, habitats, and biomes",,MapBiomas,MapBiomas,core,,https://mapbiomas.org/,,Collaborative annual land-cover and land-use mapping using regionally trained classifications.,"derived environmental product, reconstruction, or model output","Earth-system forcing, biodiversity scenarios and historical land-use exposure.",Environmental and socioeconomic model input.,terrestrial; spatial extent: global; geography: Global.,Global land.; 0.25°.,850 to 2100.; Annual.,"Cropland, pasture, rangeland, urban, secondary land, wood harvest and transitions.; **records/taxa:** Not consistently reported in the baseline source; verify the current release before quoting a count.",Compiled from the origins described in the resource documentation and lineage note. Historical reconstruction uses HYDE and wood-harvest data; future scenarios align with SSPs.,Project downloads and ESGF-related archives.; formats: NetCDF.; interface: See the official resource documentation for current programmatic interfaces.,Open research data with citation.; registration: Not reported in the baseline catalogue.,Maintained standard scenario data.,Continuous annual historical-future transitions for dynamic models.,"Coarse grid and modelled allocation, not direct observation. Not reported.","Earth-system forcing, biodiversity scenarios and historical land-use exposure.","Foundational land-use scenario dataset.; evidence: high for official fields, otherwise as stated in the verification note",Hurtt et al. LUH2.,retained and standardised; verified 2026-07-14.
"Land cover, vegetation, habitats, and biomes",,MCD12Q1,MODIS Land Cover Type,core,,https://lpdaac.usgs.gov/products/mcd12q1v061/,,Annual global land-cover classification under multiple schemes.,"derived environmental product, reconstruction, or model output","Long-term land-use change, deforestation, fire, water and habitats.",Environmental land-cover data.,terrestrial; spatial extent: continental or regional; geography: Brazil and expanding regional initiatives.,"Regional collections across Latin America, Indonesia and expanding regions.; Typically 30 m.","Mid-1980s to present, collection-dependent.; Annual.","Land cover, land use, fire, water and transitions.; **records/taxa:** Not consistently reported in the baseline source; verify the current release before quoting a count.",Compiled from the origins described in the resource documentation and lineage note. Uses Landsat and region-specific training; products differ across regional collections.,"Portal, downloads and cloud platforms.; formats: GeoTIFF and statistics.; interface: See the official resource documentation for current programmatic interfaces.",Open under collection-specific attribution terms.; registration: Not reported in the baseline catalogue.,Actively updated.,Long annual record and regionally meaningful classes.,Not fully global; methods and legends vary by initiative. Not reported.,"Long-term land-use change, deforestation, fire, water and habitats.","Leading regional land-use infrastructure.; evidence: high for official fields, otherwise as stated in the verification note",MapBiomas collection documentation and methods papers.,retained and standardised; verified 2026-07-14.
"Land cover, vegetation, habitats, and biomes",,RESOLVE ecoregions,RESOLVE Terrestrial Ecoregions,core,,https://ecoregions.appspot.com/,,Updated global terrestrial ecoregion polygons and biome classification.,"derived environmental product, reconstruction, or model output","Long-term habitat change, biomes and global ecological modelling.",Environmental land-cover data.,terrestrial; spatial extent: global; geography: Global.,Global land.; 500 m.,2001 to present.; Annual.,"Land-cover classes, quality and classification schemes.; **records/taxa:** Not consistently reported in the baseline source; verify the current release before quoting a count.",Compiled from the origins described in the resource documentation and lineage note. Remote-sensing source for habitat and pressure products.,NASA LP DAAC and cloud platforms.; formats: HDF; GeoTIFF derivatives.; interface: See the official resource documentation for current programmatic interfaces.,Public NASA data with citation.; registration: Not reported in the baseline catalogue.,Actively updated annually.,Long consistent annual record and several biome schemes.,Coarse pixels and instability in heterogeneous landscapes. Not reported.,"Long-term habitat change, biomes and global ecological modelling.","Foundational satellite land-cover time series.; evidence: high for official fields, otherwise as stated in the verification note",MCD12Q1 product documentation.,retained and standardised; verified 2026-07-14.
Marine and freshwater environmental data,,Argo,Argo,core,Argo_logo_tallspacer.png,https://argo.ucsd.edu/data/,,Global autonomous profiling-float programme measuring upper-ocean physical and biogeochemical conditions.,"derived environmental product, reconstruction, or model output","Biogeographic stratification, conservation gaps and regional sampling.",Ecosystem classification.,terrestrial; spatial extent: global; geography: Global land.,Global terrestrial.; Vector ecoregion polygons.,Contemporary potential ecological regions.; Static release.,"Ecoregions, biomes, realms and conservation targets.; **records/taxa:** Not consistently reported in the baseline source; verify the current release before quoting a count.",Compiled from the origins described in the resource documentation and lineage note. Updates the WWF ecoregion framework and links to protection analyses.,GIS download and publication repository.; formats: Shapefile; geodatabase.; interface: See the official resource documentation for current programmatic interfaces.,Open research use with citation.; registration: Not reported in the baseline catalogue.,Static widely used release.,Ecologically interpretable global regionalisation.,"Expert generalisations, not maps of current habitat. Not reported.","Biogeographic stratification, conservation gaps and regional sampling.","Very widely used ecosystem framework.; evidence: high for official fields, otherwise as stated in the verification note",Dinerstein et al. Ecoregion-based approach.,retained and standardised; verified 2026-07-14.
Marine and freshwater environmental data,,Bio-ORACLE,Bio-ORACLE,core,bio-oracle.png,https://www.bio-oracle.org/,,"Global marine environmental rasters for surface and benthic conditions, including present and future scenarios.","derived environmental product, reconstruction, or model output","Ocean climate, habitat characterisation and model validation.",Environmental observations.,marine; spatial extent: global; geography: Global oceans.,"Global oceans.; Float profiles through depth, distributed approximately every few degrees.","Approximately 1999 to present.; Roughly ten-day profiles, float-dependent.","Temperature, salinity, pressure and BGC variables for equipped floats.; **records/taxa:** Not consistently reported in the baseline source; verify the current release before quoting a count.","Compiled from the origins described in the resource documentation and lineage note. Primary observations assimilated into Copernicus, WOA and reanalyses.",Global Data Assembly Centres and cloud access.; formats: NetCDF.; interface: See the official resource documentation for current programmatic interfaces.,Open with required Argo acknowledgement.; registration: Not reported in the baseline catalogue.,Actively maintained operational network.,Global depth profiles and standardised quality control.,Sparse coastal and benthic coverage; float sensors and distribution vary. Not reported.,"Ocean climate, habitat characterisation and model validation.","Foundational ocean observing system.; evidence: high for official fields, otherwise as stated in the verification note",Argo programme data and network papers.,retained and standardised; verified 2026-07-14.
Marine and freshwater environmental data,,CMEMS,Copernicus Marine Service,core,,https://data.marine.copernicus.eu/products,,"Operational global and regional ocean observations, reanalyses and forecasts.","derived environmental product, reconstruction, or model output","Marine SDMs, climate exposure and habitat suitability.",No intrinsic taxonomic coverage: environmental covariates.,marine; spatial extent: global; geography: Global marine.,Global oceans.; Commonly 0.05° in current releases.,"Present climatologies and future projections to 2100, variable by product.; Climatological or decadal.","Temperature, salinity, nutrients, oxygen, currents, productivity, light and bathymetry.; **records/taxa:** Not consistently reported in the baseline source; verify the current release before quoting a count.","Compiled from the origins described in the resource documentation and lineage note. Integrates Copernicus Marine, CMIP6 and bathymetry into ecology-ready layers.","Download manager, ERDDAP and R package.; formats: NetCDF and raster formats.; interface: See the official resource documentation for current programmatic interfaces.",Open with citation; source-model terms apply.; registration: Not reported in the baseline catalogue.,Actively maintained.,"Standard grid, benthic and surface variables, and future scenarios.",Derived interpolation/model uncertainty and coarse nearshore resolution. Not reported.,"Marine SDMs, climate exposure and habitat suitability.","Foundational marine SDM product.; evidence: high for official fields, otherwise as stated in the verification note",Assis et al. Bio-ORACLE v3.,retained and standardised; verified 2026-07-14.
Marine and freshwater environmental data,,BioFresh/FIP,Freshwater Information Platform / BioFresh,core,,https://www.freshwaterplatform.eu/,,"Freshwater-focused portal for data discovery, atlas products and research networks.","derived environmental product, reconstruction, or model output","Marine ecology, ocean state, circulation, biogeochemistry and climate exposure.",No intrinsic taxonomic coverage: physical or biogeochemical ocean variables.,marine; spatial extent: global; geography: Global and regional.,"Global and regional oceans.; Product-specific, kilometre-scale regional to coarser global grids.","Historical reanalyses, near-real-time data and forecasts.; Hourly to monthly.","Physical ocean, sea ice, waves, biogeochemistry and satellite observations.; **records/taxa:** Not consistently reported in the baseline source; verify the current release before quoting a count.",Compiled from the origins described in the resource documentation and lineage note. Upstream source for Bio-ORACLE and many marine forecasts and assessments.,"Marine Data Store, API and Python toolbox.; formats: NetCDF and cloud formats.; interface: See the official resource documentation for current programmatic interfaces.",Copernicus Marine open licence with attribution.; registration: Not reported in the baseline catalogue.,Actively operational.,"Operational updates, uncertainty information and broad variables.","Complex catalogue, model dependence and changing product identifiers. Not reported.","Marine ecology, ocean state, circulation, biogeochemistry and climate exposure.","Foundational operational marine infrastructure.; evidence: high for official fields, otherwise as stated in the verification note",Copernicus Marine documentation and overview papers.,retained and standardised; verified 2026-07-14.
Marine and freshwater environmental data,,GMED,Global Marine Environment Datasets,core,,https://doi.org/10.1016/j.ecoinf.2018.08.005,,"Atlas integrating marine environmental variables, including present, past and future fields.","derived environmental product, reconstruction, or model output","Freshwater distributions, metadata discovery and conservation.","Freshwater plants, animals and microorganisms depending on source.",freshwater; spatial extent: global; geography: Global with a European project legacy.,"Global freshwater.; Dataset metadata, occurrences and atlas layers.","Historical to present, dataset-dependent.; Dataset-specific.","Occurrences, metadata, species lists, conservation and spatial layers.; **records/taxa:** Not consistently reported in the baseline source; verify the current release before quoting a count.",Compiled from the origins described in the resource documentation and lineage note. Functioned as a freshwater data network and indexes many original datasets.,Freshwater Information Platform and source repositories.; formats: CSV; GIS; source-specific formats.; interface: See the official resource documentation for current programmatic interfaces.,Dataset-specific licences and sometimes contact-based access.; registration: Not reported in the baseline catalogue.,Legacy project products maintained through successor services; individual tools vary.,Freshwater-specific discovery and context.,"Portal fragmentation, legacy interfaces and uncertain maintenance of some downloads. Not reported.","Freshwater distributions, metadata discovery and conservation.","Important specialist infrastructure.; evidence: high for official fields, otherwise as stated in the verification note",BioFresh and Freshwater Information Platform publications.,retained and standardised; verified 2026-07-14.
Marine and freshwater environmental data,,Marine Regions,Marine Regions,core,marineregionstext.png,https://www.marineregions.org/,,"Standardised marine gazetteer and boundary data including seas, EEZs and named places.","derived environmental product, reconstruction, or model output",Marine ecological modelling and comparative environmental covariates.,No intrinsic taxonomic coverage: environmental covariates.,marine; spatial extent: global; geography: Global oceans.,Global marine.; Product-specific fine global grids.,Modern baseline with past/future products for selected variables.; Climatological or scenario time slices.,"Physical, chemical, biological and terrain variables.; **records/taxa:** Not consistently reported in the baseline source; verify the current release before quoting a count.","Compiled from the origins described in the resource documentation and lineage note. Integrates or overlaps AquaMaps, MARSPEC, Bio-ORACLE and other sources.",Publication resources and project services.; formats: Raster; NetCDF.; interface: See the official resource documentation for current programmatic interfaces.,Open research use with source citations.; registration: Not reported in the baseline catalogue.,Maintenance uncertain.,Broad ecology-oriented variable catalogue.,Potentially superseded by better-maintained sources and access stability is uncertain. Not reported.,Marine ecological modelling and comparative environmental covariates.,"Specialised integrated marine product.; evidence: high for official fields, otherwise as stated in the verification note",Coro et al. Global-scale environmental parameters for ecological models.,retained and standardised; verified 2026-07-14.
Marine and freshwater environmental data,,MARSPEC,MARSPEC,core,,https://www.marspec.org/,,Global high-resolution marine environmental layers designed for species-distribution modelling.,"derived environmental product, reconstruction, or model output","Marine occurrence cleaning, spatial aggregation and jurisdictional analyses.",Geographic reference data.,marine; spatial extent: global; geography: Global.,"Global marine.; Points, lines and polygons.",Contemporary boundaries and gazetteer records.; Versioned spatial features.,"Gazetteer names, polygons, EEZs, seas and persistent identifiers.; **records/taxa:** Not consistently reported in the baseline source; verify the current release before quoting a count.","Compiled from the origins described in the resource documentation and lineage note. Used by OBIS, WoRMS and marine distribution products.","Portal, API and GIS downloads.; formats: Shapefile; geodatabase; CSV; services.; interface: See the official resource documentation for current programmatic interfaces.",Product-specific VLIZ terms with citation.; registration: Not reported in the baseline catalogue.,Actively maintained.,Persistent identifiers and interoperable marine geography.,Overlapping/changing administrative boundaries and no environmental variables. Not reported.,"Marine occurrence cleaning, spatial aggregation and jurisdictional analyses.","Core marine geographic reference.; evidence: high for official fields, otherwise as stated in the verification note",Marine Regions documentation.,retained and standardised; verified 2026-07-14.
Marine and freshwater environmental data,,SOCAT,Surface Ocean CO2 Atlas,core,,https://www.socat.info/,,Quality-controlled global synthesis of surface-ocean carbon dioxide observations.,"derived environmental product, reconstruction, or model output",Marine biogeography and ecological niche models.,No intrinsic taxonomic coverage: environmental covariates.,marine; spatial extent: global; geography: Global marine.,Global oceans.; Approximately 30 arc-second to coarser products.,Modern climatological conditions.; Static climatology.,"Bathymetry-derived terrain, temperature, salinity and distance variables.; **records/taxa:** Not consistently reported in the baseline source; verify the current release before quoting a count.",Compiled from the origins described in the resource documentation and lineage note. Uses bathymetry and ocean climatologies; partly overlapped by newer Bio-ORACLE.,Project downloads and mirrors.; formats: Raster grids.; interface: See the official resource documentation for current programmatic interfaces.,Open research use with citation.; registration: Not reported in the baseline catalogue.,Static; portal status should be checked.,Fine grid and specialised marine terrain derivatives.,Older baselines and uncertain portal maintenance. Not reported.,Marine biogeography and ecological niche models.,"Classic marine SDM dataset.; evidence: high for official fields, otherwise as stated in the verification note",Sbrocco & Barber. MARSPEC.,retained and standardised; verified 2026-07-14.
Marine and freshwater environmental data,,WOA,World Ocean Atlas,core,woa.png,https://www.ncei.noaa.gov/products/world-ocean-atlas,,Objectively analysed global ocean climatologies from quality-controlled profile observations.,"derived environmental product, reconstruction, or model output","Ocean carbon sink, acidification context and biogeochemistry.",Environmental observations.,"marine; spatial extent: global; geography: Global, route-biased.","Global ocean and coastal seas.; Ship tracks, fixed stations and surface observations.",Late twentieth century to present.; Individual measurements plus monthly/gridded products.,"Surface fCO2/pCO2, temperature, salinity and metadata.; **records/taxa:** Not consistently reported in the baseline source; verify the current release before quoting a count.",Compiled from the origins described in the resource documentation and lineage note. Aggregates cruise and mooring data for carbon-cycle products and model evaluation.,Portal and downloadable releases.; formats: CSV; NetCDF.; interface: See the official resource documentation for current programmatic interfaces.,Open with mandatory citation and data-provider acknowledgement.; registration: Not reported in the baseline catalogue.,Actively updated annually.,Large quality-controlled carbon record and traceable flags.,Sampling bias and complex quality-control categories. Not reported.,"Ocean carbon sink, acidification context and biogeochemistry.","Foundational ocean-carbon database.; evidence: high for official fields, otherwise as stated in the verification note",Bakker et al. SOCAT.,retained and standardised; verified 2026-07-14.
"Disturbance, fire, land use, and anthropogenic pressure",,GFA,Global Fire Atlas,core,,,,"Event-level atlas tracking individual fire spread, duration, speed and size.","derived environmental product, reconstruction, or model output","Ocean-model initialisation, environmental covariates and validation.",No intrinsic taxonomic coverage: physical or biogeochemical ocean variables.,marine; spatial extent: global; geography: Global.,Global oceans.; Commonly 1° and 0.25° grids with depth levels.,"Climatological periods and decadal subsets.; Monthly, seasonal and annual climatologies.","Temperature, salinity, oxygen, nutrients and density.; **records/taxa:** Not consistently reported in the baseline source; verify the current release before quoting a count.",Compiled from the origins described in the resource documentation and lineage note. Derived from World Ocean Database profiles and upstream of ecological products.,NOAA NCEI downloads and services.; formats: NetCDF; ASCII.; interface: See the official resource documentation for current programmatic interfaces.,Public US government data with citation.; registration: Not reported in the baseline catalogue.,Actively updated by releases.,Quality-controlled global vertical climatologies.,Smoothing and sparse deep-ocean or regional observations. Not reported.,"Ocean-model initialisation, environmental covariates and validation.","Foundational ocean climatology.; evidence: high for official fields, otherwise as stated in the verification note",World Ocean Atlas variable documentation.,retained and standardised; verified 2026-07-14.
"Disturbance, fire, land use, and anthropogenic pressure",,GFED,Global Fire Emissions Database,core,,https://www.globalfiredata.org/,,"Global burned-area, fire-emission and carbon products integrating satellites and biogeochemical modelling.","derived environmental product, reconstruction, or model output","Fire-regime ecology, event statistics and extreme fires.",Environmental disturbance data.,terrestrial; spatial extent: global; geography: Global.,Global land.; Events derived from 500 m burned-area pixels.,2003 onward for standard release.; Daily progression and event level.,"Ignition, duration, spread, size and season.; **records/taxa:** Not consistently reported in the baseline source; verify the current release before quoting a count.",Compiled from the origins described in the resource documentation and lineage note. Derived from MODIS MCD64A1.,ORNL DAAC and project site.; formats: NetCDF; shapefile; raster derivatives.; interface: See the official resource documentation for current programmatic interfaces.,Open with citation.; registration: Not reported in the baseline catalogue.,Static or periodically updated releases.,Converts pixels into ecologically meaningful fire events.,Dependent on MODIS detection and event-linking assumptions. Not reported.,"Fire-regime ecology, event statistics and extreme fires.","Major derived fire dataset.; evidence: high for official fields, otherwise as stated in the verification note",Andela et al. Global Fire Atlas.,retained and standardised; verified 2026-07-14.
"Disturbance, fire, land use, and anthropogenic pressure",,GFW,Global Fishing Watch,core,,https://globalfishingwatch.org/datasets-and-code/,,Global vessel-activity and fishing-effort data from satellite tracking and machine-learning classification.,"derived environmental product, reconstruction, or model output","Fire disturbance, emissions, vegetation impacts and climate-biodiversity studies.",Environmental disturbance data.,terrestrial; spatial extent: global; geography: Global.,Global land.; Commonly 0.25° monthly products with higher-resolution burned-area inputs.,"1997 to present, version-dependent.; Daily to monthly.","Burned area, emissions, fuel consumption and fire type.; **records/taxa:** Not consistently reported in the baseline source; verify the current release before quoting a count.",Compiled from the origins described in the resource documentation and lineage note. Combines MODIS burned area and vegetation/carbon modelling.,Project downloads and portals.; formats: NetCDF; HDF; binary grids.; interface: See the official resource documentation for current programmatic interfaces.,Open research use with citation.; registration: Not reported in the baseline catalogue.,Actively updated by versions.,Long global emissions record and fire-type attribution.,Coarse ecological detail and model-dependent fuel consumption. Not reported.,"Fire disturbance, emissions, vegetation impacts and climate-biodiversity studies.","Foundational global fire dataset.; evidence: high for official fields, otherwise as stated in the verification note",van der Werf et al. GFED.,retained and standardised; verified 2026-07-14.
"Disturbance, fire, land use, and anthropogenic pressure",,HFP,Global Human Footprint,core,,https://datadryad.org/dataset/doi:10.5061/dryad.ttdz08m1f,,"Composite index of cumulative terrestrial human pressure from settlement, population, infrastructure, agriculture and access.","derived environmental product, reconstruction, or model output","Fishing pressure, marine conservation and protected-area compliance.",Human activity.,"marine; spatial extent: global; geography: Global, strongest for AIS vessels.","Global oceans.; Vessel tracks and gridded effort, commonly fine spatial bins.","2012 to near present, product-dependent.; Hourly/daily and aggregated effort.","Fishing effort, vessel identity, encounters, port visits and infrastructure.; **records/taxa:** Not consistently reported in the baseline source; verify the current release before quoting a count.","Compiled from the origins described in the resource documentation and lineage note. Combines AIS, vessel registries and classifiers; often joined to marine biodiversity and protected areas.","Portal, API, cloud datasets and research downloads.; formats: CSV; JSON; raster; vector.; interface: See the official resource documentation for current programmatic interfaces.",Open products under specific GFW terms; some identity details restricted.; registration: Not reported in the baseline catalogue.,Actively maintained.,Dynamic near-global fishing-pressure data.,Misses non-AIS and illegal activity; classification and licence vary. Not reported.,"Fishing pressure, marine conservation and protected-area compliance.","Foundational marine human-pressure dataset.; evidence: high for official fields, otherwise as stated in the verification note",Kroodsma et al. Global fishing footprint.,retained and standardised; verified 2026-07-14.
"Disturbance, fire, land use, and anthropogenic pressure",,gHM,Global Human Modification,core,,https://gee-community-catalog.org/projects/ghm-v3/,,Continuous global index estimating terrestrial landscape modification intensity.,"derived environmental product, reconstruction, or model output","Threat exposure, wilderness mapping and conservation prioritisation.",No intrinsic taxonomic coverage: anthropogenic-pressure variables.,terrestrial; spatial extent: global; geography: Global land.,Global terrestrial excluding Antarctica.; Classic products at 1 km; newer products can be finer.,Static snapshots and annual products depending on version.; Snapshot or annual.,Composite pressure index and component layers.; **records/taxa:** Not consistently reported in the baseline source; verify the current release before quoting a count.,"Compiled from the origins described in the resource documentation and lineage note. Combines land cover, roads, population, lights, waterways and other stressors.","Publication repositories, Earth Engine and Dryad.; formats: GeoTIFF.; interface: See the official resource documentation for current programmatic interfaces.",Open research use with citation.; registration: Not reported in the baseline catalogue.,Multiple versions and updates.,Widely interpretable composite with historical comparisons.,"Weighting choices, correlated inputs and omitted pressures; versions differ. Not reported.","Threat exposure, wilderness mapping and conservation prioritisation.","Foundational human-pressure metric.; evidence: high for official fields, otherwise as stated in the verification note",Venter et al. Global terrestrial Human Footprint.,retained and standardised; verified 2026-07-14.
"Disturbance, fire, land use, and anthropogenic pressure",,GRIP,Global Roads Inventory Project,core,,https://www.globio.info/download-grip-dataset,,Harmonised global road-network dataset from national and global sources.,"derived environmental product, reconstruction, or model output","Cumulative-pressure modelling, intactness and conservation planning.",No intrinsic taxonomic coverage: anthropogenic-pressure variables.,terrestrial; spatial extent: global; geography: Global land.,Global terrestrial excluding Antarctica.; 1 km classic product; newer products vary.,"1990 to 2022 in version 3; earlier releases represent circa 2016.; Annual or multi-year, version-dependent.",Human modification index and stressor groups.; **records/taxa:** Not consistently reported in the baseline source; verify the current release before quoting a count.,"Compiled from the origins described in the resource documentation and lineage note. Combines land use, infrastructure, population and accessibility; conceptually overlaps HFP.",Earth Engine and repositories.; formats: GeoTIFF.; interface: See the official resource documentation for current programmatic interfaces.,Open with citation.; registration: Not reported in the baseline catalogue.,Actively evolving.,Continuous metric and temporally consistent recent versions.,"Composite assumptions, version changes and terrestrial-only coverage. Not reported.","Cumulative-pressure modelling, intactness and conservation planning.","Major human-pressure product.; evidence: high for official fields, otherwise as stated in the verification note",Kennedy et al. and Global Human Modification version 3.,retained and standardised; verified 2026-07-14.
"Disturbance, fire, land use, and anthropogenic pressure",,MCD64A1,MODIS Burned Area,core,,https://lpdaac.usgs.gov/products/mcd64a1v061/,,Monthly global burned-area product based on MODIS reflectance and active fires.,"derived environmental product, reconstruction, or model output","Accessibility, fragmentation, human pressure and conservation planning.",Infrastructure data.,terrestrial; spatial extent: global; geography: Global.,Global land.; Vector road segments.,Contemporary snapshot around source years.; Static.,Road geometry and road classes.; **records/taxa:** Not consistently reported in the baseline source; verify the current release before quoting a count.,"Compiled from the origins described in the resource documentation and lineage note. Input to human-footprint, accessibility and GLOBIO analyses.",GLOBIO/PBL download.; formats: Shapefile.; interface: See the official resource documentation for current programmatic interfaces.,Research use with citation.; registration: Not reported in the baseline catalogue.,Static widely used release.,More complete harmonisation than many older global road layers.,Source dates/classes vary and informal roads remain incomplete. Not reported.,"Accessibility, fragmentation, human pressure and conservation planning.","Major infrastructure-pressure dataset.; evidence: high for official fields, otherwise as stated in the verification note",Meijer et al. Global road infrastructure.,retained and standardised; verified 2026-07-14.
"Disturbance, fire, land use, and anthropogenic pressure",,WorldPop,WorldPop,core,,https://www.worldpop.org/,,High-resolution gridded population estimates and demographic products.,"derived environmental product, reconstruction, or model output","Fire history, disturbance frequency and habitat exposure.",Environmental disturbance data.,terrestrial; spatial extent: global; geography: Global.,Global land.; 500 m.,2000 to present.; Monthly with estimated burn date.,"Burn date, uncertainty and quality.; **records/taxa:** Not consistently reported in the baseline source; verify the current release before quoting a count.",Compiled from the origins described in the resource documentation and lineage note. Primary input to GFED and fire-event products.,NASA LP DAAC and cloud platforms.; formats: HDF; GeoTIFF derivatives.; interface: See the official resource documentation for current programmatic interfaces.,Public NASA data with citation.; registration: Not reported in the baseline catalogue.,Actively updated.,Consistent global burn-date mapping.,Small/low-intensity fires are underdetected; clouds and vegetation affect performance. Not reported.,"Fire history, disturbance frequency and habitat exposure.","Core satellite disturbance product.; evidence: high for official fields, otherwise as stated in the verification note",MCD64A1 product documentation.,retained and standardised; verified 2026-07-14.
"Conservation status, threats, and protected areas",,AZE,Alliance for Zero Extinction Sites,core,,https://zeroextinction.org/,,Sites containing the last or overwhelmingly important populations of highly threatened species.,"derived environmental product, reconstruction, or model output","Human pressure, disease ecology, accessibility and conservation exposure.",Humans; used chiefly as an anthropogenic-pressure covariate.,terrestrial; spatial extent: global; geography: Global.,Global land.; Commonly 100 m or 1 km.,"Annual or census-year products, often 2000 onward.; Annual or census year.","Population counts, density and demographic structures depending on product.; **records/taxa:** Not consistently reported in the baseline source; verify the current release before quoting a count.",Compiled from the origins described in the resource documentation and lineage note. Disaggregates censuses using remote sensing and covariates; used in pressure indices.,"WorldPop portal, API and cloud platforms.; formats: GeoTIFF; CSV.; interface: See the official resource documentation for current programmatic interfaces.",Many products CC BY 4.0; terms vary.; registration: Not reported in the baseline catalogue.,Actively maintained.,Fine global population surfaces and versioned products.,Modelled allocation and census-quality dependence; methods change among releases. Not reported.,"Human pressure, disease ecology, accessibility and conservation exposure.","Foundational human population dataset.; evidence: high for official fields, otherwise as stated in the verification note",WorldPop methods and product documentation.,retained and standardised; verified 2026-07-14.
"Conservation status, threats, and protected areas",,GISD,Global Invasive Species Database,core,issg.png,http://www.iucngisd.org/gisd/,,"Species profiles on invasive organisms, impacts, pathways, distributions and management.",primary database or curated data infrastructure,Preventing imminent extinction and conservation-priority screening.,Critically Endangered or Endangered restricted species.,"mixed or not inherently biological; spatial extent: global; geography: Global, assessment-dependent.",Global.; Site polygons or points.,Current assessments and updates.; Site release.,"Sites, trigger species and threat status.; **records/taxa:** Not consistently reported in the baseline source; verify the current release before quoting a count.",Compiled from the origins described in the resource documentation and lineage note. Many AZE sites are KBAs and use IUCN assessments.,AZE/KBA portals and spatial data under terms.; formats: GIS and tables.; interface: See the official resource documentation for current programmatic interfaces.,Restricted conservation-data terms.; registration: Not reported in the baseline catalogue.,Maintained through KBA partnership.,Clear focus on irreplaceable sites for highly threatened species.,"Taxonomic gaps, sensitive data and restrictions. Not reported.",Preventing imminent extinction and conservation-priority screening.,"Influential specialised conservation data.; evidence: high for official fields, otherwise as stated in the verification note",Alliance for Zero Extinction methodology.,retained and standardised; verified 2026-07-14.
"Conservation status, threats, and protected areas",,GRIIS,Global Register of Introduced and Invasive Species,core,,https://www.gbif.org/publisher/cdef28b1-db4e-4c58-aa71-3c5238c2d0b5,,Country-level validated checklists of introduced and invasive alien species.,primary database or curated data infrastructure,"Invasion risk, impact review and management.",Invasive taxa across kingdoms.,mixed or not inherently biological; spatial extent: global; geography: Global.,Global.; Species profiles and regional distributions.,Historical invasions to present.; Profile update.,"Taxonomy, impacts, pathways, ecology, distribution and management.; **records/taxa:** Not consistently reported in the baseline source; verify the current release before quoting a count.",Compiled from the origins described in the resource documentation and lineage note. Complements GRIIS and CABI resources.,Web portal.; formats: HTML and summaries.; interface: See the official resource documentation for current programmatic interfaces.,Free use with citation; profile-content rights apply.; registration: Not reported in the baseline catalogue.,Maintained with variable update frequency.,Rich impact and management narratives.,Selective profiles and not a complete occurrence database. Not reported.,"Invasion risk, impact review and management.","Widely used specialist reference.; evidence: high for official fields, otherwise as stated in the verification note",IUCN SSC Invasive Species Specialist Group GISD.,retained and standardised; verified 2026-07-14.
"Conservation status, threats, and protected areas",,RLE,IUCN Red List of Ecosystems,core,,https://iucnrle.org/,,Risk-assessment framework and database for ecosystem collapse.,primary database or curated data infrastructure,"Invasion biology, national reporting and pathway or impact analysis.",All taxonomic groups with national records.,"mixed or not inherently biological; spatial extent: global; geography: Global, uneven national completeness.",Global by country and territory.; Species-by-country status.,Historical introductions to present.; Checklist release.,"Taxonomy, country presence, alien status and evidence.; **records/taxa:** Not consistently reported in the baseline source; verify the current release before quoting a count.",Compiled from the origins described in the resource documentation and lineage note. Country datasets are published through GBIF and complement GISD.,GBIF-hosted datasets and project downloads.; formats: Darwin Core Archive; CSV.; interface: See the official resource documentation for current programmatic interfaces.,CC BY or dataset-specific open licences.; registration: Not reported in the baseline catalogue.,Actively updated through national checklists.,Validated national coverage and interoperable format.,"Country-level resolution, inconsistent update cycles and evidence gaps. Not reported.","Invasion biology, national reporting and pathway or impact analysis.","Core global alien-species infrastructure.; evidence: high for official fields, otherwise as stated in the verification note",Pagad et al. GRIIS.,retained and standardised; verified 2026-07-14.
"Conservation status, threats, and protected areas",,IUCN Red List,IUCN Red List of Threatened Species,core,,https://www.iucnredlist.org/,,"Global extinction-risk assessment infrastructure with taxonomy, ranges, habitats, threats and actions.",primary database or curated data infrastructure,"Ecosystem conservation, restoration and reporting.",Ecosystem types.,mixed or not inherently biological; spatial extent: global; geography: Global but incomplete.,"Global framework with national, regional and global assessments.; Mapped units and assessment records.",Historical change and future windows vary.; Assessment version.,"Ecosystem distribution, decline, degradation and risk category.; **records/taxa:** Not consistently reported in the baseline source; verify the current release before quoting a count.",Compiled from the origins described in the resource documentation and lineage note. Uses Global Ecosystem Typology and national maps.,"IUCN portal, reports and assessment-specific spatial data.; formats: PDF; tables; GIS.; interface: See the official resource documentation for current programmatic interfaces.",Assessment-specific terms and citation.; registration: Not reported in the baseline catalogue.,Actively developing.,Explicit collapse criteria and cross-system comparability.,Spatial coverage and access far less complete than species Red List. Not reported.,"Ecosystem conservation, restoration and reporting.","Emerging ecosystem-risk infrastructure.; evidence: high for official fields, otherwise as stated in the verification note",Keith et al. Red List of Ecosystems.,retained and standardised; verified 2026-07-14.
"Conservation status, threats, and protected areas",,Natura 2000,Natura 2000,core,natura2000.png,https://www.eea.europa.eu/data-and-maps/data/natura-14,,Official spatial database of sites protected under the EU Birds and Habitats Directives.,primary database or curated data infrastructure,"Extinction risk, conservation prioritisation, threat analysis and policy reporting.",Broad but incomplete taxonomic coverage.,mixed or not inherently biological; spatial extent: global; geography: Global.,Global.; Species assessments and spatial ranges where available.,Current assessments with historical versions.; Assessment version.,"Risk category, criteria, trend, threats, habitats, actions and ranges.; **records/taxa:** Not consistently reported in the baseline source; verify the current release before quoting a count.","Compiled from the origins described in the resource documentation and lineage note. Uses experts, occurrences, literature and range data; feeds MOL, KBA and indicators.","Web portal, partner APIs and spatial/tabular downloads.; formats: CSV; shapefile; geodatabase.; interface: See the official resource documentation for current programmatic interfaces.","Restricted terms, especially for spatial and commercial reuse.; registration: Not reported in the baseline catalogue.",Actively maintained.,International standard with transparent criteria and rich threat data.,"Taxonomic gaps, reassessment lags, coarse ranges and restrictive licence. Not reported.","Extinction risk, conservation prioritisation, threat analysis and policy reporting.","Foundational conservation database.; evidence: high for official fields, otherwise as stated in the verification note",IUCN Red List Categories and Criteria.,retained and standardised; verified 2026-07-14.
"Conservation status, threats, and protected areas",,WDPA,Protected Planet / World Database on Protected Areas,core,,https://www.protectedplanet.net/en/thematic-areas/wdpa,,Official global database of protected areas reported by governments and other authorities.,primary database or curated data infrastructure,"European conservation planning, habitat/species protection and assessment.",EU protected habitats and species.,"marine, terrestrial; spatial extent: continental or regional; geography: European Union.",European terrestrial and marine.; Site polygons and standard data forms.,Current network with designation histories.; Periodic release.,"Boundaries, protected features, habitat types, species and management metadata.; **records/taxa:** Not consistently reported in the baseline source; verify the current release before quoting a count.",Compiled from the origins described in the resource documentation and lineage note. National submissions; overlaps WDPA but has richer EU habitat/species attributes.,EEA downloads and services.; formats: Geodatabase; shapefile; tables.; interface: See the official resource documentation for current programmatic interfaces.,EU open-data terms; sensitive data may be generalised.; registration: Not reported in the baseline catalogue.,Actively updated.,Detailed legal and ecological continental network.,Regional scope and national inconsistencies. Not reported.,"European conservation planning, habitat/species protection and assessment.","Core regional conservation dataset.; evidence: high for official fields, otherwise as stated in the verification note",European Commission and EEA documentation.,retained and standardised; verified 2026-07-14.
"Conservation status, threats, and protected areas",,Species+,Species+,core,,https://speciesplus.net/,,"Authoritative portal combining CITES, CMS and related legal listings and controls.",primary database or curated data infrastructure,"Protected-area coverage, gaps, pressure exposure and policy reporting.",No intrinsic taxonomic coverage: protected-area and governance units.,"marine, freshwater, terrestrial; spatial extent: global; geography: Global.","Global terrestrial, freshwater and marine.; Points and polygons.",Current records with designation years.; Monthly database release.,"Boundaries, designation, governance, status and area.; **records/taxa:** Not consistently reported in the baseline source; verify the current release before quoting a count.","Compiled from the origins described in the resource documentation and lineage note. Official national submissions; used by ecoregion, KBA and global reporting products.",Protected Planet portal and monthly downloads.; formats: Shapefile; geodatabase; CSV.; interface: See the official resource documentation for current programmatic interfaces.,Specific terms restrict some redistribution and commercial use.; registration: Not reported in the baseline catalogue.,Actively updated monthly.,Most comprehensive global protected-area boundary data.,Boundary precision and status vary; point-only records can distort analysis. Not reported.,"Protected-area coverage, gaps, pressure exposure and policy reporting.","Foundational conservation-area infrastructure.; evidence: high for official fields, otherwise as stated in the verification note",UNEP-WCMC and IUCN Protected Planet documentation.,retained and standardised; verified 2026-07-14.
"Conservation status, threats, and protected areas",,WDKBA,World Database of Key Biodiversity Areas,core,,https://www.keybiodiversityareas.org/,,Global inventory of sites contributing significantly to biodiversity persistence under the KBA Standard.,primary database or curated data infrastructure,"Wildlife-trade regulation, legal-status screening and policy.",Species listed under participating conventions.,mixed or not inherently biological; spatial extent: global; geography: Global.,Global.; Taxon-level legal listing and broad distributions.,Current and historical listings.; Convention amendment/listing level.,"Appendices, quotas, suspensions, legal instruments and taxonomy.; **records/taxa:** Not consistently reported in the baseline source; verify the current release before quoting a count.",Compiled from the origins described in the resource documentation and lineage note. Integrates CITES and CMS data and taxonomic crosswalks.,Web portal and selected bulk/API services.; formats: CSV and web services.; interface: See the official resource documentation for current programmatic interfaces.,Use subject to UNEP-WCMC and convention terms.; registration: Not reported in the baseline catalogue.,Actively maintained.,Single legal-status reference across conventions.,Only listed taxa; bulk reuse may be restricted. Not reported.,"Wildlife-trade regulation, legal-status screening and policy.","Core wildlife-policy database.; evidence: high for official fields, otherwise as stated in the verification note",Species+ documentation.,retained and standardised; verified 2026-07-14.
"Conservation status, threats, and protected areas",,WD-OECM,World Database on OECMs,core,,https://www.protectedplanet.net/en/thematic-areas/oecms,,Global database of recognised other effective area-based conservation measures outside formal protected areas.,primary database or curated data infrastructure,"Conservation prioritisation, safeguards and protected-area gaps.",Trigger species and ecosystems across realms.,"mixed or not inherently biological; spatial extent: global; geography: Global, incomplete where assessment capacity is low.",Global.; Site polygons and trigger-feature records.,Current site assessments with historical designations.; Site assessment/update cycle.,"Boundaries, criteria, trigger features and documentation.; **records/taxa:** Not consistently reported in the baseline source; verify the current release before quoting a count.","Compiled from the origins described in the resource documentation and lineage note. Builds on BirdLife IBAs, AZE and new assessments; uses IUCN knowledge.",KBA portal; spatial downloads require registration and terms.; formats: Shapefile; geodatabase; tables.; interface: See the official resource documentation for current programmatic interfaces.,Restricted licence and no unauthorised redistribution.; registration: Not reported in the baseline catalogue.,Actively maintained.,Globally standardised site criteria and explicit biodiversity triggers.,Coverage/boundary quality vary and licence is restrictive. Not reported.,"Conservation prioritisation, safeguards and protected-area gaps.","Foundational site-priority database.; evidence: high for official fields, otherwise as stated in the verification note",KBA Partnership Global Standard.,retained and standardised; verified 2026-07-14.
Earth-system and biodiversity model outputs,,BES-SIM,Biodiversity and Ecosystem Services Scenario-based Intercomparison of Models,core,,https://bes-sim.net/,,Model intercomparison projecting biodiversity and ecosystem services under shared land-use and climate scenarios.,primary database or curated data infrastructure,Area-based conservation accounting and effectiveness analysis.,No intrinsic taxonomic coverage: conservation-area and governance units.,"marine, freshwater, terrestrial; spatial extent: global; geography: Global but incomplete.","Global terrestrial, freshwater and marine.; Points and polygons.",Current records.; Monthly with Protected Planet.,"OECM boundaries, governance, designation and reporting metadata.; **records/taxa:** Not consistently reported in the baseline source; verify the current release before quoting a count.",Compiled from the origins described in the resource documentation and lineage note. Managed alongside WDPA for Global Biodiversity Framework reporting.,Protected Planet downloads.; formats: Shapefile; geodatabase; CSV.; interface: See the official resource documentation for current programmatic interfaces.,Protected Planet data-use terms.; registration: Not reported in the baseline catalogue.,Actively expanding.,Captures conservation areas outside formal designation.,"Early-stage, nationally inconsistent and incomplete. Not reported.",Area-based conservation accounting and effectiveness analysis.,"Emerging core conservation data.; evidence: high for official fields, otherwise as stated in the verification note",UNEP-WCMC OECM documentation.,retained and standardised; verified 2026-07-14.
Earth-system and biodiversity model outputs,,CMIP6,Coupled Model Intercomparison Project Phase 6,core,,https://pcmdi.llnl.gov/CMIP6/,,Coordinated archive of global climate and Earth-system model simulations under common experiments and scenarios.,"derived environmental product, reconstruction, or model output","IPBES-style scenarios, model uncertainty and policy assessment.","Species, communities, ecosystems and services represented by models.",terrestrial; spatial extent: global; geography: Global.,Global.; Model-specific global grids.,Historical baseline and future periods.; Typically decadal or scenario snapshots.,"Richness, abundance, intactness, functions and services.; **records/taxa:** Not consistently reported in the baseline source; verify the current release before quoting a count.",Compiled from the origins described in the resource documentation and lineage note. Uses LUH2 and climate scenarios and compares models including GLOBIO-like approaches.,Project and publication repositories.; formats: NetCDF; raster; tables.; interface: See the official resource documentation for current programmatic interfaces.,Publication-specific release terms; not all output centrally accessible.; registration: Not reported in the baseline catalogue.,Project-based releases.,Explicit biodiversity model comparison.,Not one unified database; access and definitions vary among rounds. Not reported.,"IPBES-style scenarios, model uncertainty and policy assessment.","Major model-intercomparison initiative.; evidence: high for official fields, otherwise as stated in the verification note",Kim et al. BES-SIM protocol.,retained and standardised; verified 2026-07-14.
Earth-system and biodiversity model outputs,,eBird S&T,eBird Status and Trends,core,,https://science.ebird.org/status-and-trends,,"Machine-learning products transforming eBird checklists into weekly abundance, distributions and trends.","derived environmental product, reconstruction, or model output","Climate projections, exposure, palaeoclimate comparison and environmental forcing.",Earth-system model output.,mixed or not inherently biological; spatial extent: global; geography: Global.,"Global.; Model-specific, commonly 0.5–2.5° grids.","Preindustrial, historical, SSP futures and specialised experiments.; Daily to monthly, with some subdaily.","Atmosphere, ocean, land, sea ice, biogeochemistry and carbon-cycle variables.; **records/taxa:** Not consistently reported in the baseline source; verify the current release before quoting a count.","Compiled from the origins described in the resource documentation and lineage note. Upstream of WorldClim/CHELSA future layers, Bio-ORACLE and impact models.",Earth System Grid Federation and cloud mirrors.; formats: NetCDF.; interface: See the official resource documentation for current programmatic interfaces.,Terms vary by centre; citation and tracking IDs required.; registration: Not reported in the baseline catalogue.,Archive maintained; transition toward CMIP7.,Multi-model structural uncertainty and common experiments.,"Huge volume, complex bias correction and model interdependence. Not reported.","Climate projections, exposure, palaeoclimate comparison and environmental forcing.","Foundational Earth-system model archive.; evidence: high for official fields, otherwise as stated in the verification note",Eyring et al. CMIP6 overview.,retained and standardised; verified 2026-07-14.
Earth-system and biodiversity model outputs,,GLOBIO,GLOBIO,core,globio.png,https://www.globio.info/,,Global biodiversity model estimating mean species abundance and ecosystem impacts from human pressures.,"derived environmental product, reconstruction, or model output","Full-annual-cycle bird conservation, range dynamics and trend mapping.","Birds, thousands of species.",mixed or not inherently biological; spatial extent: global; geography: Global and regional.,"Global for many species, strongest in data-rich regions.; Fine gridded products; trend grids can be coarser.","Recent years, generally since early 2000s.; Weekly abundance and annual trends.","Modelled occurrence, relative abundance, range boundaries and trends.; **records/taxa:** Not consistently reported in the baseline source; verify the current release before quoting a count.","Compiled from the origins described in the resource documentation and lineage note. Derived from eBird checklists, effort and remote-sensing/environmental covariates.","Web visualisations, cloud downloads and R tools.; formats: GeoTIFF; tables; model artefacts.; interface: See the official resource documentation for current programmatic interfaces.",Research terms and citation; some downloads require authentication.; registration: Not reported in the baseline catalogue.,Actively updated.,Detection-aware dynamic full-annual-cycle products.,"Complex models, changing versions and data-density thresholds; not raw observations. Not reported.","Full-annual-cycle bird conservation, range dynamics and trend mapping.","Flagship biodiversity model product.; evidence: high for official fields, otherwise as stated in the verification note",Fink et al. eBird Status and Trends methods.,retained and standardised; verified 2026-07-14.
Earth-system and biodiversity model outputs,,ISIMIP,Inter-Sectoral Impact Model Intercomparison Project,core,,https://data.isimip.org/,,Framework and repository for harmonised climate-impact simulations across biodiversity and other sectors.,"derived environmental product, reconstruction, or model output","Policy scenarios, land-use impacts and global biodiversity outlooks.",Terrestrial and freshwater communities represented through pressure-response functions.,"freshwater, terrestrial; spatial extent: global; geography: Global.",Global.; Typically 1 km to 0.5° depending on application.,Historical baselines and future scenarios.; Scenario snapshots or annual drivers.,Mean Species Abundance and pressure layers.; **records/taxa:** Not consistently reported in the baseline source; verify the current release before quoting a count.,"Compiled from the origins described in the resource documentation and lineage note. Uses pressure-response relationships, roads, LUH2, climate and conservation data.",Project portal and selected products.; formats: Raster; NetCDF; tables.; interface: See the official resource documentation for current programmatic interfaces.,Access varies; some products public and others collaboration-based.; registration: Not reported in the baseline catalogue.,Actively developed.,Policy-ready global pressure model and interpretable intactness metric.,"Simplified response functions, uneven taxa and inconsistent raw-output access. Not reported.","Policy scenarios, land-use impacts and global biodiversity outlooks.","Major global biodiversity model.; evidence: high for official fields, otherwise as stated in the verification note",Alkemade et al. GLOBIO3 and later versions.,retained and standardised; verified 2026-07-14.
Earth-system and biodiversity model outputs,,OBIS SDM,OBIS Species Distribution Maps,core,,https://obis.org/2025/01/23/species-distribution-maps/,,Model-based present and projected marine species distributions generated from OBIS and environmental data.,"derived environmental product, reconstruction, or model output","Biodiversity, ecosystem, water, agriculture and multisector projections.",Model outputs rather than fixed taxa.,mixed or not inherently biological; spatial extent: global; geography: Global.,"Global and regional.; Sector-specific grids, often 0.5°.","Historical, counterfactual and future scenarios.; Daily to annual, sector-dependent.",Bias-adjusted forcing and impact-model outputs.; **records/taxa:** Not consistently reported in the baseline source; verify the current release before quoting a count.,Compiled from the origins described in the resource documentation and lineage note. Uses CMIP forcing and common scenarios; includes biodiversity and ecosystem models.,ISIMIP repository and protocols.; formats: NetCDF and documentation.; interface: See the official resource documentation for current programmatic interfaces.,Open research access with dataset-specific citation.; registration: Not reported in the baseline catalogue.,Actively maintained.,Cross-sector consistency and scenario comparability.,Models differ structurally and some outputs have access conditions. Not reported.,"Biodiversity, ecosystem, water, agriculture and multisector projections.","Foundational impact-model archive.; evidence: high for official fields, otherwise as stated in the verification note",Frieler et al. ISIMIP protocols.,retained and standardised; verified 2026-07-14.
Integrated multi-source biodiversity data products,,CESTES,CESTES,core,,https://www.nature.com/articles/s41597-019-0344-7,,"Global metacommunity database packaging community composition, traits, environmental variables and spatial coordinates.","derived environmental product, reconstruction, or model output","Marine planning, climate risk and filling distribution gaps.",Marine species with sufficient occurrence data.,marine; spatial extent: global; geography: Global oceans.,Global marine.; Modelled grids.,Present baseline and future scenarios where available.; Scenario or period level.,"Habitat suitability, range summaries and uncertainty.; **records/taxa:** Not consistently reported in the baseline source; verify the current release before quoting a count.",Compiled from the origins described in the resource documentation and lineage note. Derived from OBIS occurrences and marine environmental layers.,OBIS decision-support products.; formats: Raster and web services.; interface: See the official resource documentation for current programmatic interfaces.,OBIS and product-specific open terms.; registration: Not reported in the baseline catalogue.,Emerging active product.,Direct link to the main marine occurrence infrastructure.,Inherits occurrence bias and depends on taxon data sufficiency; versioning evolving. Not reported.,"Marine planning, climate risk and filling distribution gaps.","Emerging global marine model product.; evidence: high for official fields, otherwise as stated in the verification note",OBIS Species Distribution Maps documentation.,retained and standardised; verified 2026-07-14.
Integrated multi-source biodiversity data products,,DGS-BCM,Database of Global Data Sources for Biodiversity Conservation and Monitoring,core,,https://www.nature.com/articles/s41597-023-01958-7,,Structured catalogue of datasets relevant to biodiversity conservation and monitoring.,harmonised synthesis dataset,"Metacommunity theory, joint species distributions and trait-environment-space analysis.",Multiple taxonomic groups from source studies.,"mixed or not inherently biological; spatial extent: global; geography: Global, study-based.",Global collection of local-to-regional studies.; Sites within individual studies.,Modern ecological studies.; Single or repeated surveys depending on source.,"Community matrices, traits, environment and spatial data.; **records/taxa:** Not consistently reported in the baseline source; verify the current release before quoting a count.","Compiled from the origins described in the resource documentation and lineage note. Harmonises primary datasets into linked community, trait and environmental matrices.",Publication repository and project releases.; formats: R data; CSV.; interface: See the official resource documentation for current programmatic interfaces.,Source-specific open licences and citations.; registration: Not reported in the baseline catalogue.,Published synthesis with project development.,Rare integrated design across normally separate data classes.,Studies remain methodologically heterogeneous and not globally representative. Not reported.,"Metacommunity theory, joint species distributions and trait-environment-space analysis.","Major specialised synthesis.; evidence: high for official fields, otherwise as stated in the verification note",Jeliazkov et al. CESTES.,retained and standardised; verified 2026-07-14.
Integrated multi-source biodiversity data products,,DataONE,DataONE,core,,https://search.dataone.org/data,,"Federated discovery and preservation infrastructure for ecological, environmental and Earth-science datasets.",metadata catalogue of global biodiversity data sources,"Dataset discovery, gap analysis and monitoring-system design. Finding less visible monitoring and conservation resources.",Multiple organism groups and environmental data sources represented by catalogue entries.,mixed or non-spatial; spatial extent: global; geography: Worldwide data sources,Dataset-level metadata; Resource level,Current catalogue of existing data sources; Versioned or periodically updated catalogue,"Dataset names, scope, access, coverage and monitoring relevance; **records/taxa:** A catalogue rather than a record repository; use current release counts.",Systematic review and expert compilation. Metadata discovery product; points to many primary databases rather than replicating their observations.,Publication repository and tables; formats: CSV or spreadsheet; interface: No general API reported,Open publication data with citation.; registration: No registration normally required.,Published catalogue; update status should be checked.,Systematic cross-category inventory useful for omission audits.,Descriptions can become outdated and it does not guarantee direct data access. Do not treat catalogue entries as harmonised data.,Finding less visible monitoring and conservation resources.,established; evidence: high,Oliver et al. Database of global data sources for biodiversity conservation and monitoring.,added after deep-search audit; verified 2026-07-14.
Integrated multi-source biodiversity data products,,EarthEnv,EarthEnv,core,,https://www.earthenv.org/,,Collection of global environmental layers prepared for biodiversity and ecosystem modelling.,aggregator or federated infrastructure,Finding publication-associated and long-tail datasets across repositories.,No fixed taxonomic scope.,mixed or not inherently biological; spatial extent: global; geography: Global.,Global federation.; Dataset and metadata record.,Historical to present.; Dataset-specific.,"Ecological observations, experiments, environment and model outputs.; **records/taxa:** Not consistently reported in the baseline source; verify the current release before quoting a count.",Compiled from the origins described in the resource documentation and lineage note. Indexes KNB and other repositories without fully harmonising their content.,"Search portal, APIs and member repositories.; formats: All common scientific formats.; interface: See the official resource documentation for current programmatic interfaces.",Dataset-specific licences.; registration: Not reported in the baseline catalogue.,Actively maintained federation.,Broad discovery of long-tail ecology and persistent identifiers.,"Heterogeneous metadata, formats and duplicated repository records. Not reported.",Finding publication-associated and long-tail datasets across repositories.,"Major data-discovery infrastructure.; evidence: high for official fields, otherwise as stated in the verification note",Michener et al. DataONE.,retained and standardised; verified 2026-07-14.
Integrated multi-source biodiversity data products,,Global Biodiversity Portal,EMBL-EBI Global Biodiversity Portal,core,,https://www.ebi.ac.uk/biodiversity/,,Portal connecting biodiversity occurrence and taxonomic knowledge with molecular and genomic resources at EMBL-EBI.,primary database or curated data infrastructure,"Standard covariates for SDMs, macroecology and landscape analysis.",No intrinsic taxonomic coverage: environmental covariates.,"marine, terrestrial; spatial extent: global; geography: Global.",Global terrestrial and marine depending on product.; Typically kilometre-scale to coarser.,Modern climatological or static conditions.; Static or climatological.,"Topography, land cover, clouds, heterogeneity, marine variables and consensus products.; **records/taxa:** Not consistently reported in the baseline source; verify the current release before quoting a count.","Compiled from the origins described in the resource documentation and lineage note. Harmonises or derives products from MODIS, DEMs, climate and ocean data.",Project pages and linked repositories.; formats: GeoTIFF; NetCDF.; interface: See the official resource documentation for current programmatic interfaces.,Layer-specific licences and citations.; registration: Not reported in the baseline catalogue.,Collection maintenance varies by product.,Ecology-oriented global grids and consensus layers.,"Products differ in age, resolution and maintenance; original sources must be cited. Not reported.","Standard covariates for SDMs, macroecology and landscape analysis.","Widely used integrated environmental collection.; evidence: high for official fields, otherwise as stated in the verification note",EarthEnv product publications.,retained and standardised; verified 2026-07-14.
Integrated multi-source biodiversity data products,,EDI,Environmental Data Initiative,core,,https://portal.edirepository.org/nis/home.jsp,,"Curated repository and data portal for ecological and environmental datasets, with strong US LTER participation.",integrated biodiversity and molecular-data discovery portal,"Cross-domain discovery between organisms, specimens, taxonomy and molecular data. Finding molecular resources linked to biodiversity entities.",Taxa represented in connected biodiversity and molecular infrastructures.,mixed or non-spatial; spatial extent: global; geography: Worldwide,Integrated search results and cross-database links; Source-specific,Historical to current connected records; Source-specific,"Taxonomy, occurrences, sequences, genomes and linked metadata; **records/taxa:** Dynamic portal; counts depend on connected services.","Federation and cross-linking of EMBL-EBI and biodiversity resources. Acts as an integration layer over sequence, taxonomy and occurrence infrastructures rather than a new primary database.",Web portal; formats: Web records and source-specific downloads; interface: Portal and linked APIs,Source-specific licences apply.; registration: No account for browsing.,Emerging active portal.,Makes molecular–biodiversity linkages more discoverable.,Coverage and functions depend on upstream services; should not replace source-specific citation. Do not cite portal-level counts as independent records.,Finding molecular resources linked to biodiversity entities.,established; evidence: high,EMBL-EBI Global Biodiversity Portal.,added after deep-search audit; verified 2026-07-14.
Integrated multi-source biodiversity data products,,GBIF cubes,GBIF Occurrence Cubes,core,,https://www.gbif.org/news/5PapgYCsbHPe7UWmEQTc5a/better-than-the-original-new-sql-based-service-enables-download-of-occurrence-data-cubes,,"Server-side SQL-derived aggregated occurrence cubes with user-selected taxonomic, spatial and temporal dimensions.",federated ecological data repository,"Publication, preservation and discovery of long-term and project-level ecological data. Finding and citing long-term ecological source datasets.",All biological groups and environmental variables represented by deposits.,"marine, freshwater and terrestrial; spatial extent: global repository with US emphasis; geography: Worldwide deposits, strongest in United States research networks",Dataset packages with metadata and files; Dataset-specific,Historical to current ecological studies; Dataset-specific,"Observations, communities, experiments, environmental measurements and model outputs; **records/taxa:** Dynamic repository; thousands of data packages.","Research projects, observatories and LTER sites. Primary repository for much US LTER data and upstream source for harmonised products such as popler.","Data portal, API and package identifiers; formats: CSV, EML metadata and arbitrary research formats; interface: Data portal and programmatic services",Dataset-specific open licences and citation.; registration: No account for most public downloads.,Active.,"Strong metadata, versioning and long-term preservation.","Not harmonised across packages; taxonomic and spatial fields vary. Do not combine packages without reconciling methods, units and taxonomy.",Finding and citing long-term ecological source datasets.,established; evidence: high,Environmental Data Initiative documentation.,added after deep-search audit; verified 2026-07-14.
Integrated multi-source biodiversity data products,,LifeWatch,LifeWatch ERIC,core,,https://www.lifewatch.eu/,,"European distributed research infrastructure providing virtual laboratories, data services and biodiversity observatories.",primary database or curated data infrastructure,"Large-scale indicators, trends and efficient modelling inputs.",All GBIF taxa.,mixed or not inherently biological; spatial extent: global; geography: Global.,Global.; User-defined spatial grids and dimensions.,Historical to present GBIF records.; User-defined bins.,"Aggregated occurrences, richness and sampling dimensions.; **records/taxa:** Not consistently reported in the baseline source; verify the current release before quoting a count.",Compiled from the origins described in the resource documentation and lineage note. Derived directly from the GBIF occurrence index and taxonomic backbone.,GBIF SQL download service.; formats: CSV and Parquet-like outputs.; interface: See the official resource documentation for current programmatic interfaces.,Underlying record licences and download DOI requirements.; registration: Not reported in the baseline catalogue.,Active service introduced in 2025.,Avoids transferring billions of records and supports reproducible aggregation.,"Aggregation hides record-level errors, duplicates and uncertainty. Not reported.","Large-scale indicators, trends and efficient modelling inputs.","Emerging high-value derived product.; evidence: high for official fields, otherwise as stated in the verification note",GBIF SQL occurrence-cube documentation.,retained and standardised; verified 2026-07-14.
Integrated multi-source biodiversity data products,,palaeoverse,palaeoverse,core,palaeoverse.png,https://palaeoverse.org/,,"Open R ecosystem, teaching resources and curated datasets for palaeobiological analysis.",aggregator or federated infrastructure,"Data integration, ecological workflows and reproducible virtual environments.",Broad biodiversity scope.,mixed or not inherently biological; spatial extent: global; geography: Europe and linked global resources.,Europe with global services and partnerships.; Service and dataset-specific.,"Modern and historical, depending on service.; Dataset-specific.","Occurrences, taxonomy, traits, interactions, environment and workflows.; **records/taxa:** Not consistently reported in the baseline source; verify the current release before quoting a count.","Compiled from the origins described in the resource documentation and lineage note. Hosts and links matching, observation and analytical services interoperating with global infrastructures.","Service catalogue, virtual labs and APIs.; formats: Multiple formats and web services.; interface: See the official resource documentation for current programmatic interfaces.",Service-specific licences and access.; registration: Not reported in the baseline catalogue.,Actively maintained.,Integrated computational services rather than only downloads.,Complex distributed catalogue and variable service maturity. Not reported.,"Data integration, ecological workflows and reproducible virtual environments.","Major European biodiversity infrastructure.; evidence: high for official fields, otherwise as stated in the verification note",LifeWatch ERIC documentation and research infrastructure papers.,retained and standardised; verified 2026-07-14.
Integrated multi-source biodiversity data products,,UNBL,UN Biodiversity Lab,core,,https://unbiodiversitylab.org/,,"Global geospatial platform combining biodiversity, conservation, climate and sustainable-development layers for national planning.",software or access interface,"Reproducible fossil-data cleaning, time binning, palaeogeography and teaching.",Fossil and geological data through packages.,mixed or not inherently biological; spatial extent: global; geography: Global.,Global.; Software and packaged datasets.,Deep time.; Dataset-specific.,"R packages, example data, Sepkoski compendium and workflows.; **records/taxa:** Not consistently reported in the baseline source; verify the current release before quoting a count.",Compiled from the origins described in the resource documentation and lineage note. Interfaces with PBDB and packages curated legacy data.,"R packages, website and GitHub.; formats: R data; CSV-convertible tables; code.; interface: See the official resource documentation for current programmatic interfaces.",Open-source licences.; registration: Not reported in the baseline catalogue.,Actively maintained.,Reproducible and accessible analysis ecosystem.,Not a primary data infrastructure; packaged datasets may be static or simplified. Not reported.,"Reproducible fossil-data cleaning, time binning, palaeogeography and teaching.","Major software and integration resource.; evidence: high for official fields, otherwise as stated in the verification note",Jones et al. palaeoverse.,retained and standardised; verified 2026-07-14.
Publication-specific datasets not represented by a major infrastructure,,EutherianCoP,EutherianCoP,core,,,,"Integrated Late Pleistocene–Holocene placental-mammal dataset combining fossil and modern occurrences, traits and environmental data.",integrated geospatial decision-support platform,"Conservation planning, reporting and rapid overlay analysis. Rapid conservation overlays and national planning.","Species, ecosystems and environmental variables represented by source layers.","marine, freshwater and terrestrial; spatial extent: global; geography: Worldwide with national workspaces",Raster and vector layers in a web GIS; Source-specific,"Current and historical layers, source-dependent; Source-specific","Protected areas, biodiversity indicators, habitats, climate and human-pressure layers; **records/taxa:** A platform rather than a single database; counts change with available layers.","Curated federation of global geospatial products. Integrates Protected Planet, global biodiversity layers and environmental products.","Web GIS and controlled workspace exports; formats: GeoTIFF, vector and map services where permitted; interface: Web platform",Each layer retains its source licence; workspace rules apply.; registration: Account needed for some workspace functions.,Active.,Accessible decision-support interface and country-level workflow.,"Not a primary source, licences vary and analytical reproducibility depends on documenting layer versions. Do not use screenshots or portal visualisations without recording exact source layers and versions.",Rapid conservation overlays and national planning.,established; evidence: high,UN Biodiversity Lab documentation.,added after deep-search audit; verified 2026-07-14.
Publication-specific datasets not represented by a major infrastructure,,MEGA14C,MEGA14C,core,,,,Holarctic database of radiocarbon dates for large mammals.,publication-associated integrated fossil–modern dataset,"Extinction, range contraction, trait selectivity and fossil–modern validation. Testing observation/preservation filters and recent extinction or range-change models.",Placental mammals represented by the compilation.,"terrestrial; spatial extent: global; geography: Global, with fossil and modern data availability biases","Fossil localities, modern occurrence points and species-level traits; Record and species level",Late Pleistocene to Holocene and modern observations; Occurrence-event and static synthesis,"Fossil occurrences, modern occurrences, traits, taxonomy and climate covariates; **records/taxa:** Initial release reports 13,972 fossil occurrences, 786 placental species, 155,198 modern occurrences and 32 traits.","PBDB-like fossil data, modern occurrence infrastructures, trait datasets and climate layers. Harmonised derivative that shares records with major fossil and modern occurrence databases.","Publication repository; formats: CSV, spatial and tabular files; interface: No general API reported",Open publication data; upstream sources must also be cited.; registration: No registration normally required.,Static publication-associated release.,"Directly paired fossil, modern, trait and environmental components.","Placental mammals only, recent geological interval and duplication risk with upstream databases. Do not append upstream occurrence downloads without deduplication.",Testing observation/preservation filters and recent extinction or range-change models.,emerging; evidence: high,EutherianCoP data paper.,added after deep-search audit; verified 2026-07-14.
Publication-specific datasets not represented by a major infrastructure,,WOODIV,WOODIV v2,core,,,,"Integrated Euro-Mediterranean woody-plant resource combining deduplicated occurrences, traits and a dated phylogeny.",publication-associated radiocarbon database,"Late Quaternary extinction chronology, population persistence and spatio-temporal modelling. Late Quaternary extinction and demographic chronology.",Large mammal species represented by dated remains.,terrestrial; spatial extent: circumpolar or continental; geography: Holarctic,Dated fossil or archaeological samples with coordinates; Sample level,"Late Quaternary, radiocarbon-datable interval; Individual radiocarbon date with calibrated age uncertainty","Radiocarbon ages, calibration information, taxa, localities and references; **records/taxa:** Initial release reports 11,715 dates for 133 species.","Published radiocarbon measurements and archaeological/palaeontological literature. Complements PBDB, Neotoma and FAUNMAP but provides sample-level radiocarbon chronology.",Publication repository; formats: CSV or spreadsheet; interface: No dedicated API reported,Open publication data with citation.; registration: No registration normally required.,Static published release.,Large standardised chronology with explicit dates rather than broad intervals.,"Holarctic large-mammal bias, calibration choices and publication duplication. Do not treat multiple dates from the same specimen or locality as independent occurrences without checking identifiers.",Late Quaternary extinction and demographic chronology.,established; evidence: high,MEGA14C data paper.,added after deep-search audit; verified 2026-07-14.
Publication-specific datasets not represented by a major infrastructure,,FAUNMAP,FAUNMAP,core,faunmap2.jpg,https://ucmp.berkeley.edu/faunmap/,,Archival North American late Cenozoic mammal locality and assemblage database.,publication-associated integrated taxon dataset,"Woody-plant biogeography, functional diversity and phylogenetic community modelling. Euro-Mediterranean woody-plant eco-evolutionary modelling.",European and Mediterranean woody taxa represented by the release.,terrestrial; spatial extent: continental or regional; geography: Europe and the Mediterranean,"Occurrence points, 10-km grid summaries, traits and dated tree; 10 × 10 km distribution grid plus occurrence records",Historical and modern occurrence sources represented in the release; Record-level occurrences and static integrated release,"Occurrences, distributions, traits, taxonomy and time-calibrated phylogeny; **records/taxa:** Version 2 reports 245 taxa, 269,313 source records and 205,351 deduplicated occurrences.","GBIF-like occurrence sources, literature, trait compilations and phylogenetic synthesis. Integrates multiple upstream sources into one taxon-specific modelling package.","Publication repository; formats: CSV, spatial and Newick/tree files; interface: No general API reported",Open repository terms and source citations.; registration: No registration normally required.,Static 2026 release.,"Directly aligned occurrence, trait and phylogenetic components.",Regional and woody-plant-specific; source records may overlap GBIF and other plant databases. Do not combine with upstream occurrences without deduplication.,Euro-Mediterranean woody-plant eco-evolutionary modelling.,emerging; evidence: high,WOODIV v2 data paper.,added after deep-search audit; verified 2026-07-14.
,,CDO,Climate Data Online,core,cdo_cover_hex.png,https://www.ncei.noaa.gov/cdo-web/,,,,,,,,,,,,,,,,,,,
,,NASA EarthData,NASA EarthData,core,nasa_earthdata.png,https://www.earthdata.nasa.gov/,,,,,,,,,,,,,,,,,,,
,,Zenodo,Zenodo,core,zenodo.svg,https://zenodo.org/,,General scientific data repository,,,,,,,,,,,,,,,,,
,,figshare,figshare,core,figshare.png,https://figshare.com/,,General scientific data repository,,,,,,,,,,,,,,,,,
,,dryad,Dryad,core,dryad.png,https://datadryad.org/,,General scientific data repository,,,,,,,,,,,,,,,,,
,,IPCC Atlas,IPCC WGI Interactive Atlas for the AR6 report,core,ipcc_atlas.png,https://interactive-atlas.ipcc.ch/,,,,,,,,,,,,,,,,,,,
,,ESGF,Earth System Grid Federation,core,earthbyte.png,https://esgf.github.io/,,Primary access point of climate simulation data of the CMIP project.,,,,,,,,,,,,,,,,,
,,Natural Earth,Natural Earth,core,naturalearth.png,https://www.naturalearthdata.com/,,"Free vector and raster map data at 1:10m, 1:50m, and 1:110m scales",,,,,,,,,,,,,,,,,
,,Sketchfab,Sketchfab,core,,https://sketchfab.com/,,Repository for 3D Models and Data,,,,,,,,,,,,,,,,,
,,MorphoSource,MorphoSource,core,morphosource-33296362.png,https://www.morphosource.org/,,"Find, view, and download 3D data representing the world's natural history, cultural heritage, and scientific collections.",,,,,,,,,,,,,,,,,
,,PBot,Integrative Paleobotany Portal,core,pbot.png,https://pbot.paleobiodb.org/,,,,,,,,,,,,,,,,,,,
,,Triton,The Triton Database,core,Triton.png,https://springernature.figshare.com/articles/dataset/Metadata_record_for_Triton_a_new_species-level_database_of_Cenozoic_planktonic_foraminiferal_occurrences/14655564,,,,,,,,,,,,,,,,,,,
,,StabisoDB,StabisoDB,core,stabisodb.png,https://cnidaria.nat.uni-erlangen.de/stabisodb/,,,,,,,,,,,,,,,,,,,
,,Deep Time Maps,Deep Time Maps,core,,https://deeptimemaps.com/,,,,,,,,,,,,,,,,,,,
,,GWS,Gplates Web Service,core,gws.png,https://gwsdoc.gplates.org/,,,,,,,,,,,,,,,,,,,
,,Phylacine,The Phylogenetic Atlas of Mammal Macroecology,core,phylacine.png,https://megapast2future.github.io/PHYLACINE_1.2/,,,,,,,,,,,,,,,,,,,
,,PPOW,Pelagic Provinces of the World,core,,,,,,,,,,,,,,,,,,,,,
,,G200,Global 200 Ecoregions,core,,https://databasin.org/datasets/a5b34649cc69417ba52ac8e2dce34c3b/,,,,,,,,,,,,,,,,,,,
,,Biodiversity hotspots,Biodiversity Hotspots (sensu Myers et al.),core,,,,,,,,,,,,,,,,,,,,,
,,Chinalex,China Lexicon of Stratigraphic Units,core,generic.svg,https://chinalex.geolex.org/,,,,,,,,,,,,,,,,,,,
,,Geolex,International Geology Website and Database,core,,https://geolex.org/,,,,,,,,,,,,,,,,,,,
,,GeoWhen,The GeoWhen Database,core,geowhen.gif,https://timescalefoundation.org/resources/geowhen/geolist.html,,,,,,,,,,,,,,,,,,,
,,IFPNI,International Fossil Plant Names Index,core,IFPNI Logo.gif,https://ifpni.org/,,,,,,,,,,,,,,,,,,,
,,ART DB,Ancient Reef Traits Database,core,art_logo.png,https://www.art.nat.fau.de/,,"A searchable database of coral observations, traits, taxonomy, locations and environmental metadata.",,,,,,,,,,,,,,,,,
,,PETS,Phenotypic Evolution Time Series,core,pets.png,https://pets.nhm.uio.no/PETS/,,A public database of data on phenotypic change within lineages,,,,,,,,,,,,,,,,,
,,chronosphere,Chronosphere Data Portal,core,chronosphere_500x500.png,https://chronosphere.info/,,Version-controlled data,,,,,,,,,,,,,,,,,
,,PhyloPic,PhyloPic,core,phylopic.png,https://www.phylopic.org/,,An open database of freely reusable silhouettes of life forms,,,,,,,,,,,,,,,,,
,,Song et al. Paleotemperatures,Song et al. Paleotemperatures,core,,,,,,,,,,,,,,,,,,,,,
,,Shark-References,Shark-References,core,sharkreferenceslogo2.png,https://shark-references.com/literature/listAll/A,,A list of reference entries pertaining to sharks.,,,,,,,,,,,,,,,,,
,,DSMS-NI,Deep-time Sediment Nitrogen Isotopes in Marine Systems Database,core,,,,,,,,,,,,,,,,,,,,,
,,ForCenS,Planktonic foraminifera species assemblage composition,core,forcens.jpg,,,A curated database of planktonic foraminifera census counts in marine surface sediment samples,,,,,,,,,,,,,,,,,
,,ForCenS-LGM,Planktonic foraminifera species assemblage composition for the Last Glacial Maximum,core,,,,,,,,,,,,,,,,,,,,,
,,FORCIS,Foraminifera Response to Climatic Stress,core,,,,,,,,,,,,,,,,,,,,,
,,GCBD,Global Coral Bleaching Database (1980-2020),core,,,,,,,,,,,,,,,,,,,,,
,,Heim genus body size,Body size data of fossil genera,core,,,,,,,,,,,,,,,,,,,,,
,,Antell temperaure 800k,Had-CM3 Temperature reconstructions for the past 800ka,core,,,,,,,,,,,,,,,,,,,,,
,,Zaffos et al. PALEOMAP Continent Fragmentation,Continent fragmentation of the PALEOMAP model,core,,,,,,,,,,,,,,,,,,,,,
,,Foote ,Stratigraphic Ranges of Bivalves,core,,,,,,,,,,,,,,,,,,,,,
,,,Scleractinian genera in the Paleobiology Database and their inferred symbiotic mode,core,,,,,,,,,,,,,,,,,,,,,
,,FRED,Fossil Record Electronic Record ,core,,https://fred.org.nz/,,FRED is a computer database for the New Zealand Fossil Record File (FRF) which is a recording scheme for fossil localities in NZ and nearby regions.,,,,,,,,,,,,,,,,,
,,FAO Fishing Areas,FAO Major Fishing Areas for Statistical Purposes,core,,https://www.fao.org:80/fishery/geonetwork/srv/api/records/ac02a460-da52-11dc-9d70-0017f293bd28?language=all,,"FAO Major Fishing Areas for Statistical Purposes are arbitrary areas, the boundaries of which were determined in consultation with international fishery agencies on various considerations",,,,,,,,,,,,,,,,,
,,EEZ,MBG World Exclusive Economic Zones,core,,https://doi.org/10.14284/632,,,,,,,,,,,,,,,,,,,
,,,MBG Territorial Seas (12NM),core,,https://doi.org/10.14284/633,,,,,,,,,,,,,,,,,,,
,,,MBG Contiguous Zones (24NM),core,,https://doi.org/10.14284/630,,,,,,,,,,,,,,,,,,,
,,,MBG Archipelagic Waters,core,,https://doi.org/10.14284/629,,,,,,,,,,,,,,,,,,,
,,,MBG Internal Waters,core,,https://doi.org/10.14284/631,,,,,,,,,,,,,,,,,,,
,,,MBG High Seas,core,,https://doi.org/10.14284/696,,,,,,,,,,,,,,,,,,,
,,,MBG Extended Continental Shelves,core,,https://doi.org/10.14284/697,,,,,,,,,,,,,,,,,,,
,,Maritime Boundaries,Maritime Boundaries Geodatabase,core,maritime_boundaries.png,https://www.marineregions.org/,,,,,,,,,,,,,,,,,,,
,,UNEP-WCMC,UNEP-WCMC Data Portal,core,UNEP-WCMC.png,https://data-gis.unep-wcmc.org/,,,,,,,,,,,,,,,,,,,
,,GLOBIL,Global Observation and Biodiversity Information Portal,core,WWF_GLOBIL_larger.png,https://globil.panda.org/,,,,,,,,,,,,,,,,,,,
,,BioShifts,A global geodatabase of climate-induced species redistribution over land and sea,core,,https://doi.org/10.6084/m9.figshare.7413365,,,,,,,,,,,,,,,,,,,
,,DIASPORE,An open bibliographic dataset of diatom research in Spanish-speaking countries,core,,,,,,,,,,,,,,,,,,,,,
,,PROCEED,Phenotypic Rates of Change Evolutionary and Ecological Database,core,,https://borealisdata.ca/dataset.xhtml?persistentId=doi:10.5683/SP3/NXSL3Q,,"Phenotypic Rates of Change Evolutionary and Ecological Database (PROCEED) is an ongoing compilation of rates of phenotypic change, typically Haldanes and Darwins",,,,,,,,,,,,,,,,,